median_ms,mean_ms,p95_ms,fps,n_timed,model,path,params_M,peak_activation_MB,peak_incremental_MB,staged_images_MB,kind,run_id,device,device_name,precision,repeats,warmup,seed,sm_clock_under_load_median_mhz,sm_clock_under_load_max_mhz,sm_clock_under_load_min_mhz,sm_clock_samples,driver_version,persistence_mode,clock_applications_mhz,clock_max_graphics_mhz,clock_max_sm_mhz,clock_current_graphics_mhz,clock_current_sm_mhz,clock_current_memory_mhz,power_limit_w,power_draw_w,temperature_c,pstate,throttle_reasons_hex,gpustate_error,clock_headroom
7.520091952756047,7.562595941042444,7.803856302052735,132.97709739220792,555,deeplabv3plus_r50,segformer,26.677585,1227.467776,308.784128,909.312,smp,deeplabv3plus_r50__seed0,cuda,NVIDIA A100-SXM4-80GB MIG 3g.40gb,fp16,3,10,0,1410.0,1410.0,1410.0,22,595.71.05,Enabled,,1410.0,1410.0,1410.0,1410.0,1593.0,500.0,114.44,29.0,P0,0x0000000000000000,,
4.826067015528679,4.848921119008918,4.970424296334386,207.20806337382646,555,fastscnn,segformer,1.135473,944.42496,25.741312000000107,909.312,efficient,fastscnn__seed0,cuda,NVIDIA A100-SXM4-80GB MIG 3g.40gb,fp16,3,10,0,1410.0,1410.0,1410.0,13,595.71.05,Enabled,,1410.0,1410.0,1410.0,1410.0,1593.0,500.0,114.44,29.0,P0,0x0000000000000000,,
4.827740835025907,4.8514596161407395,4.928188631311059,207.13622254634424,555,fastscnn_distilled,segformer,1.135473,944.42496,25.741312000000107,909.312,efficient,fastscnn_distilled__seed0,cuda,NVIDIA A100-SXM4-80GB MIG 3g.40gb,fp16,3,10,0,1410.0,1410.0,1410.0,12,595.71.05,Enabled,,1410.0,1410.0,1410.0,1410.0,1593.0,500.0,114.44,29.0,P0,0x0000000000000000,,
6.765276892110705,6.7930418641415535,6.956384307704866,147.81360998928886,555,lraspp_mobilenetv3,segformer,3.218138,969.18016,50.49651200000005,909.312,efficient,lraspp_mobilenetv3__seed0,cuda,NVIDIA A100-SXM4-80GB MIG 3g.40gb,fp16,3,10,0,1410.0,1410.0,1410.0,18,595.71.05,Enabled,,1410.0,1410.0,1410.0,1410.0,1593.0,500.0,114.44,29.0,P0,0x0000000000000000,,
14.49305098503828,14.550341478221723,14.846122008748353,68.99858428928026,555,ppmobileseg_tiny,segformer,1.454005,961.153536,42.46988800000008,909.312,efficient,ppmobileseg_tiny__seed0,cuda,NVIDIA A100-SXM4-80GB MIG 3g.40gb,fp16,3,10,0,1410.0,1410.0,1410.0,39,595.71.05,Enabled,,1410.0,1410.0,1410.0,1410.0,1593.0,500.0,114.44,29.0,P0,0x0000000000000000,,
8.439387194812298,8.492797269141889,8.75117345713079,118.49201570164968,555,topformer_tiny,segformer,1.370433,961.766912,43.0832640000001,909.312,efficient,topformer_tiny__seed0,cuda,NVIDIA A100-SXM4-80GB MIG 3g.40gb,fp16,3,10,0,1410.0,1410.0,1410.0,21,595.71.05,Enabled,,1410.0,1410.0,1410.0,1410.0,1593.0,500.0,114.44,29.0,P0,0x0000000000000000,,
10.172216920182109,10.233544904805788,10.489716194570065,98.30698734077895,555,unet_r50,segformer,32.521105,1302.431232,383.74758399999996,909.312,smp,unet_r50__seed0,cuda,NVIDIA A100-SXM4-80GB MIG 3g.40gb,fp16,3,10,0,1410.0,1410.0,1410.0,26,595.71.05,Enabled,,1410.0,1410.0,1410.0,1410.0,1593.0,500.0,114.44,29.0,P0,0x0000000000000000,,
6.980844074860215,7.020135274626784,7.246475969441235,143.249152864086,555,yolo_sem_direct,yolo_native_raw_forward,1.630692,938.683392,19.999744000000078,909.312,yolo,yolo_sem_direct__seed0,cuda,NVIDIA A100-SXM4-80GB MIG 3g.40gb,fp16,3,10,0,1410.0,1410.0,1410.0,18,595.71.05,Enabled,,1410.0,1410.0,1410.0,1410.0,1593.0,500.0,114.44,29.0,P0,0x0000000000000000,,
7.032430963590741,7.0909733896621985,7.315186504274606,142.19833869359488,555,yolo_sem_distilled,yolo_native_raw_forward,1.630692,938.683392,19.999744000000078,909.312,yolo,yolo_sem_distilled__seed0,cuda,NVIDIA A100-SXM4-80GB MIG 3g.40gb,fp16,3,10,0,1410.0,1410.0,1410.0,18,595.71.05,Enabled,,1410.0,1410.0,1410.0,1410.0,1593.0,500.0,114.44,29.0,P0,0x0000000000000000,,
