model,mean_dice,median_dice,iqr_dice,zero_dice_n,zero_dice_rate,empty_pred_n,recall_all,recall_smallQ1,recall_smallD1,zero_dice_n_Q1,median_dice_Q1,median_dice_Q5,dice_drop_Q1_vs_Q5
distill_segformer_b0_distilled,0.7680109559522049,0.8166814266162145,0.1682586829160999,0,0.0,0,0.723120448318381,0.7836198080852006,0.7831719675795877,0,0.8374922408441962,0.8074832107451231,0.030009030099073075
distill_segformer_b5_teacher,0.7726825624487283,0.8273092369477911,0.19137358576994357,0,0.0,0,0.7163299380046717,0.8187847459271109,0.8281475065060505,0,0.8443048938934604,0.6691249468160545,0.17517994707740592
distill_segformer_b2_teacher,0.769239935340936,0.8191682870225178,0.15381152515919505,0,0.0,0,0.7281349717945771,0.776993103973189,0.8222978403775619,0,0.8226030569708198,0.7737528462016146,0.04885021076920526
segformer_b0_distilled,0.7680109559522049,0.8166814266162145,0.1682586829160999,0,0.0,0,0.723120448318381,0.7836198080852006,0.7831719675795877,0,0.8374922408441962,0.8074832107451231,0.030009030099073075
segformer_b2_teacher,0.769239935340936,0.8191682870225178,0.15381152515919505,0,0.0,0,0.7281349717945771,0.776993103973189,0.8222978403775619,0,0.8226030569708198,0.7737528462016146,0.04885021076920526
distill_p2_bpkd_b5_to_b0,0.7651317867324433,0.8091268100043879,0.16823786499709703,1,0.005405405405405406,1,0.7335006798712881,0.7441517271599057,0.7329027039480264,0,0.7735290330887087,0.7994252873563218,-0.025896254267613106
distill_p3_adaptive_hard,0.7414452622931029,0.8023223148234854,0.17915425215797354,1,0.005405405405405406,0,0.7057627033409413,0.7482806216146061,0.7075868879363053,1,0.8256331124625579,0.7388474528567408,0.08678565960581708
distill_expA_b5_to_b0_response,0.768306009518771,0.8060798228395993,0.18359555971347996,1,0.005405405405405406,0,0.712771607995199,0.7348772243694465,0.6933664294901829,1,0.7953098827470687,0.7944611277944611,0.000848754952607611
segformer_b0_direct,0.7663177797978681,0.8129374249389159,0.1791377011699955,1,0.005405405405405406,1,0.7269959042001162,0.7820529905313671,0.7781378351225472,1,0.8335265476466497,0.786421431808965,0.04710511583768473
lraspp_mobilenetv3_b2kd,0.7213002189935579,0.7774036286877418,0.18312483513198963,1,0.005405405405405406,1,0.7040281858335901,0.7585835212441544,0.8442117525178299,0,0.7477854330708661,0.7969272052826814,-0.04914177221181526
distill_p3_adaptive_boundary,0.7668427647712083,0.8221336874723328,0.1616182838826986,1,0.005405405405405406,0,0.7276553802062046,0.7596346967084097,0.6880791367872184,1,0.8221336874723328,0.7987677471202786,0.023365940352054193
distill_segformer_b5__seed2026,0.7676155820452869,0.8297678652708238,0.1820329002419343,1,0.005405405405405406,0,0.7214749269944424,0.7855955651216837,0.7756194067210044,0,0.850592885375494,0.7638892325966987,0.08670365277879533
topformer_tiny_rgkd,0.679817816137044,0.7456680287591165,0.2322542118632509,1,0.005405405405405406,0,0.6565352384933665,0.7568285166150627,0.7188483291138402,1,0.7569060773480663,0.6832145898676859,0.07369148748038035
topformer_tiny_distilled,0.686246957254311,0.7502742621678752,0.2577432104934747,1,0.005405405405405406,0,0.6632216174876714,0.760393960426534,0.7324603959036994,1,0.7456218462451766,0.7564473068560262,-0.010825460610849658
topformer_tiny_b2kd,0.6971385420382296,0.7455576559546314,0.2166886069433862,1,0.005405405405405406,0,0.7024391953446288,0.7774025554329846,0.7686669966113499,1,0.7479390457157132,0.752487200697534,-0.004548154981820818
topformer_tiny,0.6918486980898523,0.7418196822776976,0.2188166397603889,1,0.005405405405405406,0,0.7063707335389408,0.7694751335155134,0.7395054033478082,1,0.7275290035780115,0.7418196822776976,-0.014290678699686032
segformer_b0_rgkd,0.7655657400501422,0.8157619754715943,0.15813084072159078,2,0.010810810810810811,1,0.7250234683343149,0.715404049127297,0.6730771126282079,2,0.8291346052492885,0.8077034223671717,0.02143118288211676
lraspp_mobilenetv3,0.6981515283591777,0.7607057069493912,0.24035104797984086,2,0.010810810810810811,2,0.6548377860194143,0.6914906531866448,0.7492217319192914,0,0.7567789646672145,0.777468542981459,-0.02068957831424445
lraspp_mobilenetv3_rgkd,0.7246397383719482,0.7777109882183217,0.2254417321142136,2,0.010810810810810811,1,0.6734834851444331,0.6867748922764393,0.6846757945040579,1,0.7562262753448755,0.7900186133085156,-0.03379233796364012
distill_p3_adaptive,0.7748439694052848,0.8171701112877583,0.1559525787488859,2,0.010810810810810811,0,0.7423310201103652,0.8276335472988355,0.7974957797578516,1,0.8332266734928965,0.7581095635348022,0.07511710995809429
distill_p2_ensemble_uniform,0.7614730219604802,0.813945766463752,0.18954628866677015,2,0.010810810810810811,0,0.7146452229270024,0.769452783302778,0.7570972236204045,1,0.8319088319088319,0.7873830179657081,0.044525813943123826
distill_p3_adaptive_group,0.7585841363527742,0.8047451669595782,0.1849285884552906,2,0.010810810810810811,1,0.7099193854165037,0.7677602280628769,0.7387730541687327,2,0.8278001148765077,0.7455050512030293,0.08229506367347839
distill_x_angular_b5_to_b0,0.7418187732569852,0.8043323922267902,0.23046094460754962,2,0.010810810810810811,1,0.6788361745478066,0.7098769669847272,0.7034191216092538,1,0.8114909252867164,0.8043323922267902,0.007158533059926198
distill_p3_adaptive_full,0.7515250919573535,0.7984382130723594,0.1518025544732654,3,0.016216216216216217,2,0.6995671469605808,0.6876159144592472,0.6416777745231217,3,0.7868208596988872,0.8105154904229336,-0.023694630724046428
distill_segformer_b5__seed42,0.7527467818268773,0.8124393723252497,0.1652000577432221,3,0.016216216216216217,0,0.6973914363106187,0.7641187693784389,0.811327990686872,1,0.8450188476036619,0.7811095415435984,0.06390930606006351
lraspp_mobilenetv3_distilled,0.7199779803092178,0.7835990888382688,0.2281195573414807,3,0.016216216216216217,2,0.6832856722326234,0.6786577332825072,0.6699460149498876,1,0.7997981157469717,0.7869170231187729,0.01288109262819881
ppmobileseg_tiny_b2kd,0.6758656100497099,0.7077697090512127,0.2337921271413983,4,0.021621621621621623,3,0.631831829925504,0.6844739766708,0.7214109375304089,1,0.729948619698685,0.6954055587067498,0.03454306099193516
distill_p2_cwd_b5_to_b0,0.7736213046375027,0.823045267489712,0.15008986729311513,4,0.021621621621621623,1,0.7346197177612811,0.7718615708266766,0.7165982540714001,3,0.8370023419203747,0.7846583904005078,0.05234395151986693
ppmobileseg_tiny,0.6568183615652969,0.7157607916248386,0.25924632809417825,4,0.021621621621621623,3,0.6583251459890032,0.7118844812282419,0.6948004288083289,1,0.7227094042939219,0.6973407657863474,0.025368638507574537
ppmobileseg_tiny_distilled,0.6891336426271606,0.7550700280112045,0.22590828415763564,4,0.021621621621621623,3,0.6705828006807754,0.7080330991581342,0.7001810736612203,1,0.7329095861979504,0.7555009115190571,-0.022591325321106637
deeplabv3plus_r50,0.7583768558852945,0.8183441196161572,0.15253912439371187,5,0.02702702702702703,4,0.7093539701147743,0.7303187911630965,0.7023106160547826,3,0.827645788336933,0.804676036130042,0.022969752206891014
yolo_sem_distilled,0.7260703223271405,0.8011545122185877,0.24036930542882984,5,0.02702702702702703,4,0.6777021235548835,0.7248056371221635,0.6370705003270306,3,0.8083802747307046,0.6744511613108495,0.13392911341985514
fastscnn_rgkd,0.6417204511263176,0.694188051526524,0.2873105298070696,6,0.032432432432432434,1,0.6134937749966201,0.6612227775942499,0.5306618411039623,4,0.694188051526524,0.651355583530351,0.04283246799617302
fastscnn_b2kd,0.6504153810601941,0.7036633528530574,0.27660416739838845,6,0.032432432432432434,2,0.6416405081139791,0.6714725483741834,0.5774517152798938,1,0.7010412494993993,0.657283221314687,0.043758028184712305
ppmobileseg_tiny_rgkd,0.6781858246008604,0.7329012069736254,0.21244500366470265,7,0.03783783783783784,5,0.6566035988862814,0.594129274497916,0.5710935938437088,4,0.696114415896722,0.7402568644818424,-0.0441424485851204
unet_r50,0.7570133121939514,0.8328752309286712,0.1847055176173945,7,0.03783783783783784,7,0.7397248380443511,0.7347802029502749,0.6612455735829312,3,0.8526713437668646,0.7956674336982544,0.057003910068610164
fastscnn_distilled,0.6161411856056501,0.6846527504266772,0.34073319717135503,8,0.043243243243243246,6,0.576520646986127,0.5538941694104389,0.42617235347114624,6,0.6743096646942801,0.6443362435639132,0.02997342113036694
yolo_sem_direct,0.7021261834301191,0.8060514666536946,0.26091792412209125,12,0.06486486486486487,12,0.6697391876238268,0.5582019886377824,0.4720019492852875,8,0.7086648032681144,0.779649020546662,-0.07098421727854753
fastscnn,0.6053444956203337,0.6866198663247719,0.3444720144212729,13,0.07027027027027027,8,0.5753828592754308,0.4806619669752424,0.34051431638702995,7,0.5562491330281593,0.6644785083278048,-0.10822937529964549
