model,stratum,n_subjects,n,zero_dice_n,empty_pred_n,wrong_place_n,zero_dice_rate,empty_pred_rate,wrong_place_rate
segformer_b5_teacher,Intermediate (III-IV),17,38,0,0,0,0.0,0.0,0.0
segformer_b5_teacher,Dark (VI),15,55,0,0,0,0.0,0.0,0.0
segformer_b5_teacher,Light (II-III),9,39,0,0,0,0.0,0.0,0.0
segformer_b5_teacher,Tan (IV),15,24,0,0,0,0.0,0.0,0.0
segformer_b5_teacher,Brown (V),12,29,0,0,0,0.0,0.0,0.0
segformer_b2_teacher,Intermediate (III-IV),17,38,0,0,0,0.0,0.0,0.0
segformer_b2_teacher,Dark (VI),15,55,0,0,0,0.0,0.0,0.0
segformer_b2_teacher,Light (II-III),9,39,0,0,0,0.0,0.0,0.0
segformer_b2_teacher,Tan (IV),15,24,0,0,0,0.0,0.0,0.0
segformer_b2_teacher,Brown (V),12,29,0,0,0,0.0,0.0,0.0
segformer_b0_distilled,Intermediate (III-IV),17,38,0,0,0,0.0,0.0,0.0
segformer_b0_distilled,Dark (VI),15,55,0,0,0,0.0,0.0,0.0
segformer_b0_distilled,Light (II-III),9,39,0,0,0,0.0,0.0,0.0
segformer_b0_distilled,Tan (IV),15,24,0,0,0,0.0,0.0,0.0
segformer_b0_distilled,Brown (V),12,29,0,0,0,0.0,0.0,0.0
segformer_b0_direct,Intermediate (III-IV),17,38,0,0,0,0.0,0.0,0.0
segformer_b0_direct,Dark (VI),15,55,0,0,0,0.0,0.0,0.0
segformer_b0_direct,Light (II-III),9,39,1,1,0,0.02564102564102564,0.02564102564102564,0.0
segformer_b0_direct,Tan (IV),15,24,0,0,0,0.0,0.0,0.0
segformer_b0_direct,Brown (V),12,29,0,0,0,0.0,0.0,0.0
segformer_b0_rgkd,Intermediate (III-IV),17,38,0,0,0,0.0,0.0,0.0
segformer_b0_rgkd,Dark (VI),15,55,0,0,0,0.0,0.0,0.0
segformer_b0_rgkd,Light (II-III),9,39,2,1,1,0.05128205128205128,0.02564102564102564,0.02564102564102564
segformer_b0_rgkd,Tan (IV),15,24,0,0,0,0.0,0.0,0.0
segformer_b0_rgkd,Brown (V),12,29,0,0,0,0.0,0.0,0.0
unet_r50,Intermediate (III-IV),17,38,0,0,0,0.0,0.0,0.0
unet_r50,Dark (VI),15,55,0,0,0,0.0,0.0,0.0
unet_r50,Light (II-III),9,39,6,6,0,0.15384615384615385,0.15384615384615385,0.0
unet_r50,Tan (IV),15,24,0,0,0,0.0,0.0,0.0
unet_r50,Brown (V),12,29,1,1,0,0.034482758620689655,0.034482758620689655,0.0
deeplabv3plus_r50,Intermediate (III-IV),17,38,0,0,0,0.0,0.0,0.0
deeplabv3plus_r50,Dark (VI),15,55,0,0,0,0.0,0.0,0.0
deeplabv3plus_r50,Light (II-III),9,39,5,4,1,0.1282051282051282,0.10256410256410256,0.02564102564102564
deeplabv3plus_r50,Tan (IV),15,24,0,0,0,0.0,0.0,0.0
deeplabv3plus_r50,Brown (V),12,29,0,0,0,0.0,0.0,0.0
yolo_sem_direct,Intermediate (III-IV),17,38,2,2,0,0.05263157894736842,0.05263157894736842,0.0
yolo_sem_direct,Dark (VI),15,55,2,2,0,0.03636363636363636,0.03636363636363636,0.0
yolo_sem_direct,Light (II-III),9,39,6,6,0,0.15384615384615385,0.15384615384615385,0.0
yolo_sem_direct,Tan (IV),15,24,0,0,0,0.0,0.0,0.0
yolo_sem_direct,Brown (V),12,29,2,2,0,0.06896551724137931,0.06896551724137931,0.0
yolo_sem_distilled,Intermediate (III-IV),17,38,0,0,0,0.0,0.0,0.0
yolo_sem_distilled,Dark (VI),15,55,1,1,0,0.01818181818181818,0.01818181818181818,0.0
yolo_sem_distilled,Light (II-III),9,39,4,3,1,0.10256410256410256,0.07692307692307693,0.02564102564102564
yolo_sem_distilled,Tan (IV),15,24,0,0,0,0.0,0.0,0.0
yolo_sem_distilled,Brown (V),12,29,0,0,0,0.0,0.0,0.0
lraspp_mobilenetv3,Intermediate (III-IV),17,38,0,0,0,0.0,0.0,0.0
lraspp_mobilenetv3,Dark (VI),15,55,0,0,0,0.0,0.0,0.0
lraspp_mobilenetv3,Light (II-III),9,39,1,0,1,0.02564102564102564,0.0,0.02564102564102564
lraspp_mobilenetv3,Tan (IV),15,24,0,0,0,0.0,0.0,0.0
lraspp_mobilenetv3,Brown (V),12,29,0,0,0,0.0,0.0,0.0
lraspp_mobilenetv3_b2kd,Intermediate (III-IV),17,38,0,0,0,0.0,0.0,0.0
lraspp_mobilenetv3_b2kd,Dark (VI),15,55,0,0,0,0.0,0.0,0.0
lraspp_mobilenetv3_b2kd,Light (II-III),9,39,1,1,0,0.02564102564102564,0.02564102564102564,0.0
lraspp_mobilenetv3_b2kd,Tan (IV),15,24,0,0,0,0.0,0.0,0.0
lraspp_mobilenetv3_b2kd,Brown (V),12,29,0,0,0,0.0,0.0,0.0
lraspp_mobilenetv3_distilled,Intermediate (III-IV),17,38,1,1,0,0.02631578947368421,0.02631578947368421,0.0
lraspp_mobilenetv3_distilled,Dark (VI),15,55,0,0,0,0.0,0.0,0.0
lraspp_mobilenetv3_distilled,Light (II-III),9,39,2,1,1,0.05128205128205128,0.02564102564102564,0.02564102564102564
lraspp_mobilenetv3_distilled,Tan (IV),15,24,0,0,0,0.0,0.0,0.0
lraspp_mobilenetv3_distilled,Brown (V),12,29,0,0,0,0.0,0.0,0.0
topformer_tiny,Intermediate (III-IV),17,38,0,0,0,0.0,0.0,0.0
topformer_tiny,Dark (VI),15,55,0,0,0,0.0,0.0,0.0
topformer_tiny,Light (II-III),9,39,3,3,0,0.07692307692307693,0.07692307692307693,0.0
topformer_tiny,Tan (IV),15,24,0,0,0,0.0,0.0,0.0
topformer_tiny,Brown (V),12,29,1,1,0,0.034482758620689655,0.034482758620689655,0.0
topformer_tiny_b2kd,Intermediate (III-IV),17,38,0,0,0,0.0,0.0,0.0
topformer_tiny_b2kd,Dark (VI),15,55,0,0,0,0.0,0.0,0.0
topformer_tiny_b2kd,Light (II-III),9,39,1,0,1,0.02564102564102564,0.0,0.02564102564102564
topformer_tiny_b2kd,Tan (IV),15,24,0,0,0,0.0,0.0,0.0
topformer_tiny_b2kd,Brown (V),12,29,0,0,0,0.0,0.0,0.0
ppmobileseg_tiny,Intermediate (III-IV),17,38,0,0,0,0.0,0.0,0.0
ppmobileseg_tiny,Dark (VI),15,55,1,1,0,0.01818181818181818,0.01818181818181818,0.0
ppmobileseg_tiny,Light (II-III),9,39,3,3,0,0.07692307692307693,0.07692307692307693,0.0
ppmobileseg_tiny,Tan (IV),15,24,1,1,0,0.041666666666666664,0.041666666666666664,0.0
ppmobileseg_tiny,Brown (V),12,29,2,1,1,0.06896551724137931,0.034482758620689655,0.034482758620689655
ppmobileseg_tiny_b2kd,Intermediate (III-IV),17,38,0,0,0,0.0,0.0,0.0
ppmobileseg_tiny_b2kd,Dark (VI),15,55,0,0,0,0.0,0.0,0.0
ppmobileseg_tiny_b2kd,Light (II-III),9,39,1,1,0,0.02564102564102564,0.02564102564102564,0.0
ppmobileseg_tiny_b2kd,Tan (IV),15,24,1,1,0,0.041666666666666664,0.041666666666666664,0.0
ppmobileseg_tiny_b2kd,Brown (V),12,29,2,1,1,0.06896551724137931,0.034482758620689655,0.034482758620689655
fastscnn,Intermediate (III-IV),17,38,0,0,0,0.0,0.0,0.0
fastscnn,Dark (VI),15,55,1,0,1,0.01818181818181818,0.0,0.01818181818181818
fastscnn,Light (II-III),9,39,4,3,1,0.10256410256410256,0.07692307692307693,0.02564102564102564
fastscnn,Tan (IV),15,24,1,0,1,0.041666666666666664,0.0,0.041666666666666664
fastscnn,Brown (V),12,29,1,1,0,0.034482758620689655,0.034482758620689655,0.0
fastscnn_b2kd,Intermediate (III-IV),17,38,1,1,0,0.02631578947368421,0.02631578947368421,0.0
fastscnn_b2kd,Dark (VI),15,55,1,0,1,0.01818181818181818,0.0,0.01818181818181818
fastscnn_b2kd,Light (II-III),9,39,3,1,2,0.07692307692307693,0.02564102564102564,0.05128205128205128
fastscnn_b2kd,Tan (IV),15,24,0,0,0,0.0,0.0,0.0
fastscnn_b2kd,Brown (V),12,29,1,0,1,0.034482758620689655,0.0,0.034482758620689655
p3_adaptive,Intermediate (III-IV),17,38,0,0,0,0.0,0.0,0.0
p3_adaptive,Dark (VI),15,55,1,0,1,0.01818181818181818,0.0,0.01818181818181818
p3_adaptive,Light (II-III),9,39,1,0,1,0.02564102564102564,0.0,0.02564102564102564
p3_adaptive,Tan (IV),15,24,0,0,0,0.0,0.0,0.0
p3_adaptive,Brown (V),12,29,0,0,0,0.0,0.0,0.0
p3_adaptive_boundary,Intermediate (III-IV),17,38,0,0,0,0.0,0.0,0.0
p3_adaptive_boundary,Dark (VI),15,55,0,0,0,0.0,0.0,0.0
p3_adaptive_boundary,Light (II-III),9,39,1,0,1,0.02564102564102564,0.0,0.02564102564102564
p3_adaptive_boundary,Tan (IV),15,24,0,0,0,0.0,0.0,0.0
p3_adaptive_boundary,Brown (V),12,29,0,0,0,0.0,0.0,0.0
p3_adaptive_group,Intermediate (III-IV),17,38,0,0,0,0.0,0.0,0.0
p3_adaptive_group,Dark (VI),15,55,0,0,0,0.0,0.0,0.0
p3_adaptive_group,Light (II-III),9,39,2,1,1,0.05128205128205128,0.02564102564102564,0.02564102564102564
p3_adaptive_group,Tan (IV),15,24,0,0,0,0.0,0.0,0.0
p3_adaptive_group,Brown (V),12,29,0,0,0,0.0,0.0,0.0
p3_adaptive_full,Intermediate (III-IV),17,38,0,0,0,0.0,0.0,0.0
p3_adaptive_full,Dark (VI),15,55,0,0,0,0.0,0.0,0.0
p3_adaptive_full,Light (II-III),9,39,3,2,1,0.07692307692307693,0.05128205128205128,0.02564102564102564
p3_adaptive_full,Tan (IV),15,24,0,0,0,0.0,0.0,0.0
p3_adaptive_full,Brown (V),12,29,0,0,0,0.0,0.0,0.0
p3_adaptive_hard,Intermediate (III-IV),17,38,0,0,0,0.0,0.0,0.0
p3_adaptive_hard,Dark (VI),15,55,0,0,0,0.0,0.0,0.0
p3_adaptive_hard,Light (II-III),9,39,1,0,1,0.02564102564102564,0.0,0.02564102564102564
p3_adaptive_hard,Tan (IV),15,24,0,0,0,0.0,0.0,0.0
p3_adaptive_hard,Brown (V),12,29,0,0,0,0.0,0.0,0.0
p2_cwd_b5_to_b0,Intermediate (III-IV),17,38,0,0,0,0.0,0.0,0.0
p2_cwd_b5_to_b0,Dark (VI),15,55,1,0,1,0.01818181818181818,0.0,0.01818181818181818
p2_cwd_b5_to_b0,Light (II-III),9,39,3,1,2,0.07692307692307693,0.02564102564102564,0.05128205128205128
p2_cwd_b5_to_b0,Tan (IV),15,24,0,0,0,0.0,0.0,0.0
p2_cwd_b5_to_b0,Brown (V),12,29,0,0,0,0.0,0.0,0.0
p2_bpkd_b5_to_b0,Intermediate (III-IV),17,38,0,0,0,0.0,0.0,0.0
p2_bpkd_b5_to_b0,Dark (VI),15,55,0,0,0,0.0,0.0,0.0
p2_bpkd_b5_to_b0,Light (II-III),9,39,0,0,0,0.0,0.0,0.0
p2_bpkd_b5_to_b0,Tan (IV),15,24,0,0,0,0.0,0.0,0.0
p2_bpkd_b5_to_b0,Brown (V),12,29,1,1,0,0.034482758620689655,0.034482758620689655,0.0
p2_ensemble_uniform,Intermediate (III-IV),17,38,0,0,0,0.0,0.0,0.0
p2_ensemble_uniform,Dark (VI),15,55,1,0,1,0.01818181818181818,0.0,0.01818181818181818
p2_ensemble_uniform,Light (II-III),9,39,1,0,1,0.02564102564102564,0.0,0.02564102564102564
p2_ensemble_uniform,Tan (IV),15,24,0,0,0,0.0,0.0,0.0
p2_ensemble_uniform,Brown (V),12,29,0,0,0,0.0,0.0,0.0
expA_b5_to_b0_response,Intermediate (III-IV),17,38,0,0,0,0.0,0.0,0.0
expA_b5_to_b0_response,Dark (VI),15,55,0,0,0,0.0,0.0,0.0
expA_b5_to_b0_response,Light (II-III),9,39,1,0,1,0.02564102564102564,0.0,0.02564102564102564
expA_b5_to_b0_response,Tan (IV),15,24,0,0,0,0.0,0.0,0.0
expA_b5_to_b0_response,Brown (V),12,29,0,0,0,0.0,0.0,0.0
x_angular_b5_to_b0,Intermediate (III-IV),17,38,0,0,0,0.0,0.0,0.0
x_angular_b5_to_b0,Dark (VI),15,55,1,0,1,0.01818181818181818,0.0,0.01818181818181818
x_angular_b5_to_b0,Light (II-III),9,39,1,1,0,0.02564102564102564,0.02564102564102564,0.0
x_angular_b5_to_b0,Tan (IV),15,24,0,0,0,0.0,0.0,0.0
x_angular_b5_to_b0,Brown (V),12,29,0,0,0,0.0,0.0,0.0
fastscnn_distilled,Intermediate (III-IV),17,38,1,1,0,0.02631578947368421,0.02631578947368421,0.0
fastscnn_distilled,Dark (VI),15,55,2,1,1,0.03636363636363636,0.01818181818181818,0.01818181818181818
fastscnn_distilled,Light (II-III),9,39,7,5,2,0.1794871794871795,0.1282051282051282,0.05128205128205128
fastscnn_distilled,Tan (IV),15,24,2,1,1,0.08333333333333333,0.041666666666666664,0.041666666666666664
fastscnn_distilled,Brown (V),12,29,1,0,1,0.034482758620689655,0.0,0.034482758620689655
fastscnn_rgkd,Intermediate (III-IV),17,38,1,1,0,0.02631578947368421,0.02631578947368421,0.0
fastscnn_rgkd,Dark (VI),15,55,1,0,1,0.01818181818181818,0.0,0.01818181818181818
fastscnn_rgkd,Light (II-III),9,39,3,0,3,0.07692307692307693,0.0,0.07692307692307693
fastscnn_rgkd,Tan (IV),15,24,0,0,0,0.0,0.0,0.0
fastscnn_rgkd,Brown (V),12,29,1,0,1,0.034482758620689655,0.0,0.034482758620689655
lraspp_mobilenetv3_rgkd,Intermediate (III-IV),17,38,0,0,0,0.0,0.0,0.0
lraspp_mobilenetv3_rgkd,Dark (VI),15,55,0,0,0,0.0,0.0,0.0
lraspp_mobilenetv3_rgkd,Light (II-III),9,39,2,1,1,0.05128205128205128,0.02564102564102564,0.02564102564102564
lraspp_mobilenetv3_rgkd,Tan (IV),15,24,0,0,0,0.0,0.0,0.0
lraspp_mobilenetv3_rgkd,Brown (V),12,29,0,0,0,0.0,0.0,0.0
ppmobileseg_tiny_distilled,Intermediate (III-IV),17,38,0,0,0,0.0,0.0,0.0
ppmobileseg_tiny_distilled,Dark (VI),15,55,0,0,0,0.0,0.0,0.0
ppmobileseg_tiny_distilled,Light (II-III),9,39,2,2,0,0.05128205128205128,0.05128205128205128,0.0
ppmobileseg_tiny_distilled,Tan (IV),15,24,0,0,0,0.0,0.0,0.0
ppmobileseg_tiny_distilled,Brown (V),12,29,2,1,1,0.06896551724137931,0.034482758620689655,0.034482758620689655
ppmobileseg_tiny_rgkd,Intermediate (III-IV),17,38,0,0,0,0.0,0.0,0.0
ppmobileseg_tiny_rgkd,Dark (VI),15,55,0,0,0,0.0,0.0,0.0
ppmobileseg_tiny_rgkd,Light (II-III),9,39,5,4,1,0.1282051282051282,0.10256410256410256,0.02564102564102564
ppmobileseg_tiny_rgkd,Tan (IV),15,24,0,0,0,0.0,0.0,0.0
ppmobileseg_tiny_rgkd,Brown (V),12,29,2,1,1,0.06896551724137931,0.034482758620689655,0.034482758620689655
topformer_tiny_distilled,Intermediate (III-IV),17,38,0,0,0,0.0,0.0,0.0
topformer_tiny_distilled,Dark (VI),15,55,0,0,0,0.0,0.0,0.0
topformer_tiny_distilled,Light (II-III),9,39,1,0,1,0.02564102564102564,0.0,0.02564102564102564
topformer_tiny_distilled,Tan (IV),15,24,0,0,0,0.0,0.0,0.0
topformer_tiny_distilled,Brown (V),12,29,0,0,0,0.0,0.0,0.0
topformer_tiny_rgkd,Intermediate (III-IV),17,38,0,0,0,0.0,0.0,0.0
topformer_tiny_rgkd,Dark (VI),15,55,0,0,0,0.0,0.0,0.0
topformer_tiny_rgkd,Light (II-III),9,39,1,0,1,0.02564102564102564,0.0,0.02564102564102564
topformer_tiny_rgkd,Tan (IV),15,24,0,0,0,0.0,0.0,0.0
topformer_tiny_rgkd,Brown (V),12,29,0,0,0,0.0,0.0,0.0
