model,split,cohort,comparable,n_images,n_subjects,source_file,all_n,all_mean_dice,all_median_dice,all_iqr_dice,all_mean_recall,all_mean_precision,all_zero_dice_n,all_zero_dice_rate,all_empty_pred_n,all_wrong_place_n,D1_D4_n,D1_D4_mean_dice,D1_D4_median_dice,D1_D4_iqr_dice,D1_D4_mean_recall,D1_D4_mean_precision,D1_D4_zero_dice_n,D1_D4_zero_dice_rate,D1_D4_empty_pred_n,D1_D4_wrong_place_n,D1_n,D1_mean_dice,D1_median_dice,D1_iqr_dice,D1_mean_recall,D1_mean_precision,D1_zero_dice_n,D1_zero_dice_rate,D1_empty_pred_n,D1_wrong_place_n,D5_D10_n,D5_D10_mean_dice,D5_D10_median_dice,D5_D10_iqr_dice,D5_D10_mean_recall,D5_D10_mean_precision,D5_D10_zero_dice_n,D5_D10_zero_dice_rate,D5_D10_empty_pred_n,D5_D10_wrong_place_n,mean_dice_ci_lo,mean_dice_ci_hi,zero_dice_rate_ci_lo,zero_dice_rate_ci_hi,median_dice__Light,mean_recall__Light,miss_rate__Light,median_dice__Intermediate,mean_recall__Intermediate,miss_rate__Intermediate,median_dice__Tan,mean_recall__Tan,miss_rate__Tan,median_dice__Brown,mean_recall__Brown,miss_rate__Brown,median_dice__Dark,mean_recall__Dark,miss_rate__Dark,fairness_gap_median_dice,fairness_best_group,fairness_worst_group,fairness_miss_rate_gap,kruskal_H,kruskal_p,kruskal_significant,recall_gap_all,recall_gap_small,gap_shrinks_with_size
dinov2_ft__seed0,test,REFERENCE,True,185,28,/scratch/tbommawa/BRUISE_UNIFIED/STAGE_N3_RESULTS/tables/test_per_image__dinov2_ft__seed0.csv,185,0.7901600563440758,0.8305261588910419,0.17583617637558813,0.7715673916069271,0.8472639890712915,0,0.0,0,0,74,0.7756927655546478,0.829199375845109,0.19233442255135524,0.7768055674575503,0.8084502484904907,0,0.0,0,0,19,0.7578794009499502,0.770594217637658,0.17681912294907087,0.7861324919178556,0.7825251517900366,0,0.0,0,0,111,0.7998049168703609,0.8341489388676183,0.17159217150602046,0.7680752743731781,0.8731398161251589,0,0.0,0,0,0.7510518741194349,0.8239133750440822,0.0,0.0,0.7663575812981586,0.7200163145012191,0.0,0.8577099957936389,0.7917936420977536,0.0,0.8043699458534435,0.7465067319438458,0.0,0.8604572965702757,0.8160504086745488,0.0,0.8374698716695981,0.7816281702510018,0.0,0.09409971527211713,Brown (V),Light (II-III),0.0,10.20343894435814,0.037136726736885846,True,0.09603409417332975,0.13435853952840637,False
distill_segformer_b5_teacher,test,REFERENCE,True,185,28,/scratch/tbommawa/bruise_work/outputs/per_image_distill_segformer_b5_teacher.csv,185,0.7726825624487283,0.8273092369477911,0.19137358576994357,0.7163299380046717,0.8833983601470862,0,0.0,0,0,74,0.8022810455223324,0.8459833898305459,0.14304729894540213,0.7855708378662855,0.8463426680840886,0,0.0,0,0,19,0.7781364443367854,0.7664185639229422,0.17322289240020017,0.8281475065060505,0.7636457555331474,0,0.0,0,0,111,0.752950240399659,0.7986111111111112,0.23067937262641447,0.6701693380969292,0.9081021548557511,0,0.0,0,0,0.7238928763287303,0.8157495192843246,0.0,0.0,0.7986111111111112,0.7616437477185999,0.0,0.8718062773495954,0.7867115376061017,0.0,0.8642237763281106,0.6790318224694717,0.0,0.84148464259644,0.7070616455914267,0.0,0.8032394017023387,0.6567334996252422,0.0,0.07319516623848421,Intermediate (III-IV),Light (II-III),0.0,7.434501037048335,0.11463244427439537,False,0.1299780379808595,0.1222989667966411,False
segformer_b2_teacher,test,REFERENCE,True,185,28,/scratch/tbommawa/BRUISE_UNIFIED/results/analysis_native/per_image_segformer_b2_teacher.csv,185,0.769239935340936,0.8191682870225178,0.15381152515919505,0.7281349717945771,0.8592070384163075,0,0.0,0,0,74,0.7502887737889085,0.817286806180029,0.16066881414846546,0.7345542058350757,0.8104613888329742,0,0.0,0,0,19,0.7227743398335867,0.8226030569708198,0.21489328701235,0.8222978403775619,0.7156106406092464,0,0.0,0,0,111,0.7818740430422874,0.8250921833131026,0.16175822312594546,0.7238554824342447,0.8917041381385299,0,0.0,0,0,0.7320861562533213,0.8021130883338536,0.0,0.0,0.7888821014050091,0.7344223989295477,0.0,0.8667802135086199,0.7856056440033193,0.0,0.7728788986917856,0.6769354922488326,0.0,0.8098617176128093,0.7294975462688729,0.0,0.7934381111030636,0.7055927471972541,0.0,0.09390131481683428,Intermediate (III-IV),Tan (IV),0.0,10.854476123604968,0.028249114833473723,True,0.10867015175448669,0.08879713029466785,True
segformer_b0_distilled,test,REFERENCE,True,185,28,/scratch/tbommawa/BRUISE_UNIFIED/results/analysis_native/per_image_segformer_b0_distilled.csv,185,0.7680109559522049,0.8166814266162145,0.1682586829160999,0.723120448318381,0.8624599929086207,0,0.0,0,0,74,0.7619275830991981,0.8157084009131432,0.15521062495645466,0.7430742219954167,0.8195051794724781,0,0.0,0,0,19,0.7186475420244666,0.829388329036794,0.16035838425128146,0.7831719675795877,0.7135380038739069,0,0.0,0,0,111,0.7720665378542093,0.8169649628393751,0.16999354973594527,0.7098179325336906,0.8910965351993824,0,0.0,0,0,0.7378556222570002,0.7963467887340971,0.0,0.0,0.829388329036794,0.7100686435471025,0.0,0.8191568073782292,0.7565300317513146,0.0,0.7952222499178292,0.6810543359256588,0.0,0.8221387427998998,0.7468629449759419,0.0,0.7863678939404857,0.7151297303180981,0.0,0.043020435096308374,Light (II-III),Dark (VI),0.0,1.9300820212798726,0.7486169099645315,False,0.07547569582565583,0.16681459665422183,False
sam_ft__seed1,test,REFERENCE,True,185,28,/scratch/tbommawa/BRUISE_UNIFIED/STAGE_N4_RESULTS/tables/test_per_image__sam_ft__seed1.csv,185,0.7634199315514152,0.818530504614647,0.19502908323716994,0.7413705394245629,0.8213057041335888,0,0.0,0,0,74,0.7509726487550591,0.8285036353876933,0.1694287796855405,0.7698461579168793,0.7590785460037546,0,0.0,0,0,19,0.7645925330467463,0.8595213319458896,0.16419109530881693,0.8535281350296754,0.7414945056546594,0,0.0,0,0,111,0.7717181200823194,0.8158162322055833,0.2004762342829981,0.7223867937630185,0.8627904762201452,0,0.0,0,0,0.7273466382877137,0.7960183646019526,0.0,0.0,0.8137632338787295,0.7324326349357181,0.0,0.8441451990191464,0.7882787149300221,0.0,0.8119451710744067,0.6537316864158877,0.0,0.8423584173778123,0.810814557525492,0.0,0.7918461835251752,0.7169255131179948,0.0,0.0522990154939712,Intermediate (III-IV),Dark (VI),0.0,8.529046752136082,0.07401165031781663,False,0.15708287110960428,0.14185227520221677,True
dermlip_ft__seed0,test,REFERENCE,True,185,28,/scratch/tbommawa/BRUISE_UNIFIED/STAGE_N3_RESULTS/tables/test_per_image__dermlip_ft__seed0.csv,185,0.704268940140205,0.7583998633821457,0.23261326158146123,0.6949194074043554,0.7537669086556363,0,0.0,0,0,74,0.6792363956529968,0.7463819259935787,0.21740015646491484,0.7080841378535515,0.6829533378220642,0,0.0,0,0,19,0.6707427851856517,0.7477901693515077,0.17664387673701665,0.7707392419924961,0.6196139619256847,0,0.0,0,0,111,0.7209573031316772,0.7636569487687518,0.22722495909851492,0.6861429204382247,0.8009759558780176,0,0.0,0,0,0.6705782890068017,0.7385960825083618,0.0,0.0,0.7975920036347115,0.6876832040604158,0.0,0.7639431447448235,0.7718543909833925,0.0,0.6765631594475578,0.619260737416847,0.0,0.7971147008026008,0.7725744765460939,0.0,0.7183922665988298,0.6389647461134467,0.0,0.12102884418715365,Light (II-III),Tan (IV),0.0,12.026705763662676,0.017153775303171765,True,0.15331373912924695,0.25976546061988814,False
distill_expA_b5_to_b0_response,test,REFERENCE,True,185,28,/scratch/tbommawa/bruise_work/outputs/per_image_distill_expA_b5_to_b0_response.csv,185,0.768306009518771,0.8060798228395993,0.18359555971347996,0.712771607995199,0.8713399617840425,1,0.005405405405405406,0,1,74,0.7570819575132736,0.798838373326197,0.1833043557220263,0.728765060015966,0.8178880839485749,1,0.013513513513513514,0,1,19,0.7087819310789769,0.7879475542107918,0.1783658004155807,0.6933664294901829,0.7639717851522653,1,0.05263157894736842,0,1,111,0.7757887108557693,0.8083076617310941,0.1809482060885622,0.7021093066480212,0.9069745470076874,0,0.0,0,0,0.7343322793490298,0.8011368269004286,0.0,0.018404907975460124,0.8030634573304157,0.7080919141532134,0.02564102564102564,0.8403463378251164,0.765089951631445,0.0,0.7586841492902743,0.6693656411620333,0.0,0.7944611277944611,0.7359649635372283,0.0,0.7923378319547235,0.6866542788122392,0.0,0.08166218853484208,Intermediate (III-IV),Tan (IV),0.02564102564102564,5.490555800453421,0.240560880441407,False,0.09572431046941166,0.15906388317469344,False
distill_segformer_b5__seed2026,test,REFERENCE,True,185,28,/scratch/tbommawa/bruise_work/outputs/per_image_distill_segformer_b5__seed2026.csv,185,0.7676155820452869,0.8297678652708238,0.1820329002419343,0.7214749269944424,0.8582430553701607,1,0.005405405405405406,0,1,74,0.7635958753853427,0.8425033350980942,0.149439241375658,0.7455315731460425,0.8090997982187874,0,0.0,0,0,19,0.7225456480338067,0.7549496916585524,0.20159360914164237,0.7756194067210044,0.7242450141041603,0,0.0,0,0,111,0.7702953864852496,0.820759789596727,0.19855428521608975,0.7054371628933753,0.8910052268044094,1,0.009009009009009009,0,1,0.7168050944776703,0.8132559198571119,0.0,0.016599239280774527,0.7440788631417232,0.6822884776738436,0.02564102564102564,0.8852158575236334,0.8158155398687665,0.0,0.8695332995570161,0.7194094587670804,0.0,0.824086726792384,0.7593836351288046,0.0,0.8144067356166519,0.6649939621915187,0.0,0.14113699438191019,Intermediate (III-IV),Light (II-III),0.02564102564102564,14.802811702917666,0.005128168011515969,True,0.1508215776772478,0.16901495408192857,False
distill_p3_adaptive_boundary,test,REFERENCE,True,185,28,/scratch/tbommawa/bruise_work/outputs/per_image_distill_p3_adaptive_boundary.csv,185,0.7668427647712083,0.8221336874723328,0.1616182838826986,0.7276553802062046,0.8575165577838472,1,0.005405405405405406,0,1,74,0.7546575010578103,0.8199049527919033,0.14058443552052946,0.7417188571008946,0.8049999976396874,1,0.013513513513513514,0,1,19,0.6586138898335081,0.8221336874723328,0.17831403371129106,0.6880791367872184,0.6967832463114975,1,0.05263157894736842,0,1,111,0.7749662739134737,0.8226735518956244,0.1721767157879811,0.7182797289430778,0.892527597879954,0,0.0,0,0,0.7269166865861028,0.8039044886728401,0.0,0.018404907975460124,0.7947842285004657,0.6609931755522143,0.02564102564102564,0.8399426959728491,0.7539812610341561,0.0,0.7811403039101308,0.7142330896952833,0.0,0.8435291742378357,0.7832431994475273,0.0,0.8105594956658786,0.7332832115572447,0.0,0.062388870327704904,Brown (V),Tan (IV),0.02564102564102564,3.3697936411010687,0.4979505413596058,False,0.12225002389531303,0.18256967162660975,False
segformer_b0_direct,test,REFERENCE,True,185,28,/scratch/tbommawa/BRUISE_UNIFIED/results/analysis_native/per_image_segformer_b0_direct.csv,185,0.7663177797978681,0.8129374249389159,0.1791377011699955,0.7269959042001162,0.8598762092582234,1,0.005405405405405406,1,0,74,0.7559632986493439,0.8105843348621544,0.17289072188346966,0.7502739859850616,0.8096652340771995,1,0.013513513513513514,1,0,19,0.6971094580647401,0.8274080014256437,0.17536868783848525,0.7781378351225472,0.7239958717870071,1,0.05263157894736842,1,0,111,0.7732207672302178,0.8129374249389159,0.17875075920136663,0.7114771830101527,0.8933501927122394,0,0.0,0,0,0.7332401432083934,0.7980096479499407,0.0,0.017543859649122806,0.8270555810748736,0.740572482527658,0.02564102564102564,0.8341916668818701,0.7622619839207209,0.0,0.8102873074133667,0.6840069310186231,0.0,0.8133547868061143,0.7419209342227243,0.0,0.7698553291998819,0.703892484228172,0.0,0.06433633768198821,Intermediate (III-IV),Dark (VI),0.02564102564102564,2.1436843760947113,0.7093515539063546,False,0.07825505290209778,0.14247513941024648,False
distill_p2_bpkd_b5_to_b0,test,REFERENCE,True,185,28,/scratch/tbommawa/bruise_work/outputs/per_image_distill_p2_bpkd_b5_to_b0.csv,185,0.7651317867324433,0.8091268100043879,0.16823786499709703,0.7335006798712881,0.8520878668858805,1,0.005405405405405406,1,0,74,0.7484508717742688,0.7983702043770504,0.1682277841204446,0.7283664637537812,0.8245727764375627,1,0.013513513513513514,1,0,19,0.7197036991813173,0.7716496744871637,0.14615518370998104,0.7329027039480264,0.7607898557805723,0,0.0,0,0,111,0.7762523967045598,0.8304865190540744,0.16862446782185536,0.7369234906162927,0.8704312605180924,0,0.0,0,0,0.7325605456901981,0.7967787297086067,0.0,0.018292682926829267,0.7998052817329926,0.7127827196941766,0.0,0.8349734225839878,0.7977527798039015,0.0,0.7555745926719077,0.6556968113184949,0.0,0.8172867343104097,0.7315154745956147,0.034482758620689655,0.8089683381305863,0.7387967607390991,0.0,0.07939882991208003,Intermediate (III-IV),Tan (IV),0.034482758620689655,7.679258285700598,0.10405964356227564,False,0.14205596848540658,0.17293677927014772,False
medsam_ft__seed0,test,REFERENCE,True,185,28,/scratch/tbommawa/BRUISE_UNIFIED/STAGE_N4_RESULTS/tables/test_per_image__medsam_ft__seed0.csv,185,0.7527925163847199,0.80620884289746,0.22536163429609546,0.6820878231751937,0.8887763402346522,1,0.005405405405405406,0,1,74,0.7794738451730205,0.843891145183715,0.15302781548296607,0.7426324289587654,0.8446161306292193,0,0.0,0,0,19,0.7931014455800045,0.84996191926885,0.1549590849964111,0.8122222955353087,0.8129576298455558,0,0.0,0,0,111,0.7350049638591862,0.7824564553779852,0.24583763397344793,0.6417247526528126,0.9182164799716076,1,0.009009009009009009,0,1,0.7087251280073533,0.7921551074628923,0.0,0.018292682926829267,0.7792448173741362,0.699913846653897,0.0,0.8295739152046797,0.7341036354112737,0.0,0.7926775218436908,0.5737140141837611,0.041666666666666664,0.8547072599531615,0.7500721034589033,0.0,0.7647563241389167,0.6449534869374909,0.0,0.08995093581424485,Brown (V),Dark (VI),0.041666666666666664,9.592747802500753,0.04787597966807297,True,0.17635808927514218,0.13489771734319433,True
lraspp_mobilenetv3,test,REFERENCE,True,185,28,/scratch/tbommawa/BRUISE_UNIFIED/_work/outputs/per_image_lraspp_mobilenetv3.csv,185,0.7458129798501084,0.7901680590948679,0.18525736356650102,0.7646069249438142,0.7726811095538157,1,0.005405405405405406,0,1,74,0.7134469972102924,0.7801240556357086,0.22429865933606286,0.7581469776612831,0.7218836462355388,1,0.013513513513513514,0,1,19,0.7420618251601269,0.7854710556186152,0.11124005331871056,0.8628098249637428,0.6595348703632475,1,0.05263157894736842,0,1,111,0.7673903016099859,0.8199291049810497,0.16190208818823648,0.7689135564655014,0.8065460850993335,0,0.0,0,0,0.7105148333207797,0.7777359343796398,0.0,0.018404907975460124,0.8031923136525647,0.745731967127644,0.02564102564102564,0.8235622811887982,0.8127433151449457,0.0,0.742020237240995,0.7557712576677559,0.0,0.790713476783692,0.785143663014206,0.0,0.7806694333475546,0.7377602183578441,0.0,0.08154204394780318,Intermediate (III-IV),Tan (IV),0.02564102564102564,3.709990279600447,0.446674561866769,False,0.07498309678710158,0.10151441075093837,False
distill_p3_adaptive_hard,test,REFERENCE,True,185,28,/scratch/tbommawa/bruise_work/outputs/per_image_distill_p3_adaptive_hard.csv,185,0.7414452622931029,0.8023223148234854,0.17915425215797354,0.7057627033409413,0.8249190649438776,1,0.005405405405405406,0,1,74,0.7246013220477759,0.7999509182707907,0.1713605014309315,0.7263112676441044,0.7599436551938561,1,0.013513513513513514,0,1,19,0.6632514358312748,0.7887998085437358,0.24709183669891654,0.7075868879363053,0.6821149300078583,1,0.05263157894736842,0,1,111,0.7526745557899879,0.8023223148234854,0.1877798802913333,0.692063660472166,0.8682360047772248,0,0.0,0,0,0.7063059425107698,0.7776047785421155,0.0,0.018404907975460124,0.8374921036007581,0.6954345543477144,0.02564102564102564,0.8286058461125106,0.7671359677193613,0.0,0.7395738575670157,0.680952893257043,0.0,0.8245942571785269,0.7489977481561031,0.0,0.7378869778869779,0.6587123925542095,0.0,0.09960512571378022,Light (II-III),Dark (VI),0.02564102564102564,8.08735330527918,0.08843023508772649,False,0.10842357516515178,0.17677490178783606,False
lraspp_mobilenetv3_b2kd,test,REFERENCE,True,185,28,/scratch/tbommawa/bruise_work/outputs/per_image_lraspp_mobilenetv3_b2kd.csv,185,0.7213002189935579,0.7774036286877418,0.18312483513198963,0.7040281858335901,0.8300848649365226,1,0.005405405405405406,1,0,74,0.6632686260767461,0.7315620888033431,0.29031135299494826,0.6703561394678257,0.7942228805403219,1,0.013513513513513514,1,0,19,0.7143166354846379,0.7477854330708661,0.15453343569236433,0.8442117525178299,0.7040464330236188,0,0.0,0,0,111,0.7599879476047657,0.8066051624300716,0.17352930574860748,0.7264762167440999,0.8539928545339895,0,0.0,0,0,0.6725096699736589,0.769159765506931,0.0,0.017543859649122806,0.7969272052826814,0.7001423484243882,0.02564102564102564,0.8091881081315676,0.7836311130269744,0.0,0.777312704852955,0.6885476587657298,0.0,0.7880003488270689,0.679643326763726,0.0,0.7491560633601662,0.6713978219838623,0.0,0.06003204477140145,Intermediate (III-IV),Dark (VI),0.02564102564102564,3.902370671863764,0.4193797531237815,False,0.11223329104311208,0.2644322390389793,False
topformer_tiny_b2kd,test,REFERENCE,True,185,28,/scratch/tbommawa/bruise_work/outputs/per_image_topformer_tiny_b2kd.csv,185,0.6971385420382296,0.7455576559546314,0.2166886069433862,0.7024391953446288,0.7525787047299114,1,0.005405405405405406,0,1,74,0.6678715694403642,0.7214105740098649,0.21815767259955499,0.7310258283916253,0.6661600252311137,1,0.013513513513513514,0,1,19,0.617027860724685,0.6773396580689791,0.2837501575977135,0.7686669966113499,0.5441933235064255,1,0.05263157894736842,0,1,111,0.7166498571034733,0.755498244859947,0.19649398967977783,0.6833814399799644,0.8101911577291095,0,0.0,0,0,0.6648018526758896,0.7307515760765295,0.0,0.018404907975460124,0.7791641909288968,0.6894835950969603,0.02564102564102564,0.7524428257043781,0.7050954744485707,0.0,0.6935555849897642,0.6789355222511627,0.0,0.766316486061709,0.7816217506404435,0.0,0.7017238521465274,0.6782959926968803,0.0,0.08560860593913255,Light (II-III),Tan (IV),0.02564102564102564,4.868603404342593,0.3010472390456534,False,0.10332575794356313,0.06615968703222441,True
topformer_tiny#e981,test,REFERENCE,True,185,28,/scratch/tbommawa/bruise_work/outputs/per_image_topformer_tiny.csv,185,0.6918486980898523,0.7418196822776976,0.2188166397603889,0.7063707335389408,0.7421204038097566,1,0.005405405405405406,0,1,74,0.6562890555704873,0.7121152542003796,0.29643684925133185,0.7263820384424049,0.6663500620011489,1,0.013513513513513514,0,1,19,0.5917447343978548,0.701264334019406,0.2904226626239892,0.7395054033478082,0.5445753807825182,1,0.05263157894736842,0,1,111,0.7155551264360956,0.7559334041799504,0.17999469222409759,0.6930298636032979,0.792633965015495,0,0.0,0,0,0.6590057242292254,0.7245808934497371,0.0,0.018404907975460124,0.7663071391884951,0.6923871752953956,0.02564102564102564,0.7716926911982303,0.7278823529217492,0.0,0.7189519774625776,0.7110291380890992,0.0,0.7354329690228287,0.7865618051236862,0.0,0.6919399744348527,0.6571084508078519,0.0,0.07975271676337758,Intermediate (III-IV),Dark (VI),0.02564102564102564,5.071429420235745,0.2800466030704312,False,0.12945335431583438,0.03026933580986768,True
topformer_tiny_distilled,test,REFERENCE,True,185,28,/scratch/tbommawa/bruise_work/outputs/per_image_topformer_tiny_distilled.csv,185,0.686246957254311,0.7502742621678752,0.2577432104934747,0.6632216174876714,0.780017114457151,1,0.005405405405405406,0,1,74,0.6745601185290832,0.7432917811380724,0.2650999450597291,0.7102802187722165,0.6903841731166529,1,0.013513513513513514,0,1,19,0.6331853405339981,0.6719223771983021,0.27990509340129777,0.7324603959036994,0.5976599225713014,1,0.05263157894736842,0,1,111,0.6940381830711295,0.7596439169139466,0.234036352446771,0.6318492166313078,0.8397724086841497,0,0.0,0,0,0.6445989465654703,0.7265217464887338,0.0,0.018404907975460124,0.78779808739862,0.660152979138284,0.02564102564102564,0.7710375645025844,0.6890149919531078,0.0,0.7473308397252438,0.6693176079516254,0.0,0.7757268329341036,0.7656125306406976,0.0,0.6913510312331025,0.5909286795488868,0.0,0.09644705616551752,Light (II-III),Dark (VI),0.02564102564102564,8.06381154895655,0.08926846575404244,False,0.17468385109181073,0.05073964947084786,True
topformer_tiny_rgkd,test,REFERENCE,True,185,28,/scratch/tbommawa/bruise_work/outputs/per_image_topformer_tiny_rgkd.csv,185,0.679817816137044,0.7456680287591165,0.2322542118632509,0.6565352384933665,0.7739224858504611,1,0.005405405405405406,0,1,74,0.6729534904596346,0.7404908832789381,0.2176381340465663,0.7119131220536091,0.6801644174927677,1,0.013513513513513514,0,1,19,0.6348651591312573,0.7549476135040745,0.3584790632526056,0.7188483291138402,0.5964559485692744,1,0.05263157894736842,0,1,111,0.6843940332553167,0.7464285714285714,0.25282487252529784,0.6196166494532047,0.8364278647555903,0,0.0,0,0,0.6340011855171996,0.7236428253085696,0.0,0.018404907975460124,0.7476016795905231,0.6507240913893667,0.02564102564102564,0.7808366133985711,0.6788559606395779,0.0,0.7462230863580506,0.6725566501167473,0.0,0.7749308563377342,0.7654200519856802,0.0,0.6655699177438308,0.5808311262253982,0.0,0.11526669565474035,Intermediate (III-IV),Dark (VI),0.02564102564102564,7.882689601005836,0.09597118589181916,False,0.18458892576028196,0.09132169263768608,True
distill_p3_adaptive,test,REFERENCE,True,185,28,/scratch/tbommawa/bruise_work/outputs/per_image_distill_p3_adaptive.csv,185,0.7748439694052848,0.8171701112877583,0.1559525787488859,0.7423310201103652,0.8478776260484698,2,0.010810810810810811,0,2,74,0.7807856549402902,0.8241254107998455,0.11106778223126856,0.7966983691319737,0.7869349335662987,1,0.013513513513513514,0,1,19,0.7330658895402026,0.803982683982684,0.14329799087412654,0.7974957797578516,0.7010519762970155,1,0.05263157894736842,0,1,111,0.7708828457152811,0.8093916755602988,0.16710474508095574,0.7060861207626261,0.8885060877032503,1,0.009009009009009009,0,1,0.7424199394248068,0.8042414738323946,0.0,0.029415386844392877,0.8022157054415119,0.7353142420947828,0.02564102564102564,0.8447595968496998,0.7968266919744869,0.0,0.7827637558532105,0.7269606994893018,0.0,0.830723729993041,0.7776928584083354,0.0,0.7730100905896387,0.6977167145837375,0.01818181818181818,0.07174950626006116,Intermediate (III-IV),Dark (VI),0.02564102564102564,9.49550197583966,0.049839753907852696,True,0.09910997739074934,0.15115830867287972,False
segformer_b0_rgkd,test,REFERENCE,True,185,28,/scratch/tbommawa/bruise_work/outputs/per_image_segformer_b0_rgkd.csv,185,0.7655657400501422,0.8157619754715943,0.15813084072159078,0.7250234683343149,0.8513945822399233,2,0.010810810810810811,1,1,74,0.7451626181557971,0.81716796763155,0.14618734267011013,0.7188927034278839,0.8124728688877781,2,0.02702702702702703,1,1,19,0.6624999634791596,0.8143867924528302,0.21969657512858354,0.6730771126282079,0.7383962358780707,2,0.10526315789473684,1,1,111,0.779167821313039,0.8157619754715943,0.16923227573308386,0.729110644938602,0.8773423911413535,0,0.0,0,0,0.7349284950717162,0.7964215290868375,0.0,0.0273972602739726,0.8143867924528302,0.660711598841092,0.05128205128205128,0.8584762817143938,0.7825891058953109,0.0,0.7979147608034676,0.7149741367091481,0.0,0.8111316063838319,0.7589055135626469,0.0,0.7927883253046188,0.717373892521591,0.0,0.06568795640977498,Intermediate (III-IV),Dark (VI),0.05128205128205128,7.345824203459329,0.11870312533643662,False,0.12187750705421896,0.21187538539365114,False
distill_p2_ensemble_uniform,test,REFERENCE,True,185,28,/scratch/tbommawa/bruise_work/outputs/per_image_distill_p2_ensemble_uniform.csv,185,0.7614730219604802,0.813945766463752,0.18954628866677015,0.7146452229270024,0.8624721151630926,2,0.010810810810810811,0,2,74,0.7686366474921047,0.8181315001960494,0.14816326094548726,0.7564677885951254,0.8184901829742386,1,0.013513513513513514,0,1,19,0.7080304847323445,0.8046429274050757,0.1616923788762803,0.7570972236204045,0.7226187200517417,1,0.05263157894736842,0,1,111,0.756697271606064,0.7967238731578522,0.21778579982709445,0.6867635124815871,0.8917934032889956,1,0.009009009009009009,0,1,0.7217758307343826,0.796312255751929,0.0,0.029415386844392877,0.7966348850252384,0.7037053447291601,0.02564102564102564,0.8304203749462846,0.7518903329138233,0.0,0.8129902050655087,0.6963035211065648,0.0,0.813945766463752,0.7341083176534915,0.0,0.7883353336227369,0.6944108986877111,0.01818181818181818,0.042085041323547734,Intermediate (III-IV),Dark (VI),0.02564102564102564,2.266264438538303,0.6869176971961612,False,0.057479434226112236,0.12036170801463497,False
distill_p3_adaptive_group,test,REFERENCE,True,185,28,/scratch/tbommawa/bruise_work/outputs/per_image_distill_p3_adaptive_group.csv,185,0.7585841363527742,0.8047451669595782,0.1849285884552906,0.7099193854165037,0.8593388452022629,2,0.010810810810810811,1,1,74,0.757359963365946,0.8113501739328731,0.1373158590332032,0.7430076528666052,0.8128196867092274,2,0.02702702702702703,1,1,19,0.6996536159940874,0.8139562112164852,0.12327066366852613,0.7387730541687327,0.7391067026961364,2,0.10526315789473684,1,1,111,0.7594002516773266,0.7967205009887937,0.21002587903873682,0.6878605404497695,0.8903516175309534,0,0.0,0,0,0.7267251037940111,0.7893314288004044,0.0,0.0273972602739726,0.8139562112164852,0.7107148521018997,0.05128205128205128,0.8286303676139439,0.7485872757693783,0.0,0.7191009552939145,0.6715573938045157,0.0,0.8128593110426344,0.7343289635053665,0.0,0.7773289735205489,0.6865086035977952,0.0,0.10952941232002944,Intermediate (III-IV),Tan (IV),0.05128205128205128,8.095539615445036,0.08814048788763382,False,0.0770298819648626,0.12402468345356199,False
sam_ft__seed2,test,REFERENCE,True,185,28,/scratch/tbommawa/BRUISE_UNIFIED/STAGE_N4_RESULTS/tables/test_per_image__sam_ft__seed2.csv,185,0.7513366094427039,0.8060381093788667,0.18400649238057998,0.7064026941065843,0.8398918995916324,2,0.010810810810810811,0,2,74,0.7450179667845109,0.8156219740132553,0.1883344991100453,0.7244812050680115,0.7836700459957697,2,0.02702702702702703,0,2,19,0.760318698685151,0.8547112462006079,0.18512828767514533,0.7817789556341648,0.7554477872406188,1,0.05263157894736842,0,1,111,0.755549037881499,0.800341999430001,0.1822530700237518,0.6943503534656326,0.8773731353222075,0,0.0,0,0,0.7206573988370726,0.781118595715065,0.0,0.026881720430107527,0.7968805031446541,0.7219957982744073,0.02564102564102564,0.8548815360481793,0.7938023730298236,0.0,0.7938393040721995,0.5894720949018918,0.0,0.823439099283521,0.7643486250549858,0.0,0.7576646938973514,0.6554314854116893,0.01818181818181818,0.09721684215082793,Intermediate (III-IV),Dark (VI),0.02564102564102564,16.13162088682499,0.002847538905705437,True,0.2043302781279318,0.21780390998877808,False
distill_x_angular_b5_to_b0,test,REFERENCE,True,185,28,/scratch/tbommawa/bruise_work/outputs/per_image_distill_x_angular_b5_to_b0.csv,185,0.7418187732569852,0.8043323922267902,0.23046094460754962,0.6788361745478066,0.8768257833646442,2,0.010810810810810811,1,1,74,0.7353406303638654,0.8079377651255357,0.17938681792545186,0.6950710845925591,0.8330538861037159,1,0.013513513513513514,1,0,19,0.7168299035919666,0.8041903776513192,0.2468031333259274,0.7034191216092538,0.7783576429197127,0,0.0,0,0,111,0.7461375351857318,0.8014473433631689,0.2535020776926167,0.6680129011846383,0.906007048205263,1,0.009009009009009009,0,1,0.6948648206918187,0.784394047304021,0.0,0.026881720430107527,0.7644991212653779,0.6321759700573233,0.02564102564102564,0.8397152128273504,0.7390013768573326,0.0,0.8020832134804747,0.630282300267423,0.0,0.8114909252867164,0.7165624604726157,0.0,0.7876290163755061,0.6716489196073815,0.01818181818181818,0.07521609156197251,Intermediate (III-IV),Light (II-III),0.02564102564102564,5.327917766817724,0.25527480218838156,False,0.10871907658990954,0.19608418849722664,False
medsam_ft__seed2,test,REFERENCE,True,185,28,/scratch/tbommawa/BRUISE_UNIFIED/STAGE_N4_RESULTS/tables/test_per_image__medsam_ft__seed2.csv,185,0.7364184057792773,0.798424042514202,0.19589909190943233,0.6822204116683398,0.8508068099396552,2,0.010810810810810811,0,2,74,0.7045747028683266,0.7813858249664811,0.19372284460023526,0.637673842591319,0.8332639480990031,2,0.02702702702702703,0,2,19,0.6691917131913062,0.7749339648419711,0.25326367297007124,0.6037035715384851,0.7863787280633407,2,0.10526315789473684,0,2,111,0.7576475410532444,0.8040895469769082,0.19837425156973365,0.7119181243863535,0.8625020511667564,0,0.0,0,0,0.6997142328686559,0.7720348311336532,0.0,0.0273972602739726,0.7557848194546795,0.5985208538670765,0.05128205128205128,0.8373267015325118,0.7606855941716693,0.0,0.7231910652029979,0.6006419435238995,0.0,0.79961786481968,0.7539055396757336,0.0,0.7988788856803125,0.6851589633478831,0.0,0.11413563632951385,Intermediate (III-IV),Tan (IV),0.05128205128205128,9.845991890946914,0.04310339336012358,True,0.1621647403045927,0.19029838612074512,False
lraspp_mobilenetv3_rgkd,test,REFERENCE,True,185,28,/scratch/tbommawa/bruise_work/outputs/per_image_lraspp_mobilenetv3_rgkd.csv,185,0.7246397383719482,0.7777109882183217,0.2254417321142136,0.6734834851444331,0.8475975839931278,2,0.010810810810810811,1,1,74,0.6675021885547879,0.7329316671005255,0.29451783912237783,0.6296114020856027,0.8057885888358879,2,0.02702702702702703,1,1,19,0.6977586595223998,0.7562262753448755,0.27617156056761394,0.6846757945040579,0.7644230467986436,1,0.05263157894736842,0,1,111,0.7627314382500552,0.7956911417197113,0.16751589533465938,0.7027315405169868,0.8754702474312877,0,0.0,0,0,0.6827594247250276,0.7665960174456802,0.0,0.0273972602739726,0.7830728398702448,0.6264334697617142,0.05128205128205128,0.7890912437949903,0.7100123233697858,0.0,0.8057365372149861,0.6840277562133981,0.0,0.7900186133085156,0.6759633849221212,0.0,0.7586518406334276,0.6756993969290616,0.0,0.04708469658155845,Tan (IV),Dark (VI),0.05128205128205128,1.540189105624976,0.8194994204602905,False,0.0835788536080716,0.10976619536897858,False
lraspp_mobilenetv3#e981,test,REFERENCE,True,185,28,/scratch/tbommawa/bruise_work/outputs/per_image_lraspp_mobilenetv3.csv,185,0.6981515283591777,0.7607057069493912,0.24035104797984086,0.6548377860194143,0.83220229083218,2,0.010810810810810811,2,0,74,0.6416244186897527,0.7256330077565527,0.2910263116072216,0.6157936043991465,0.803043664497124,2,0.02702702702702703,2,0,19,0.7079679723347321,0.8064379500211775,0.22763482723580863,0.7492217319192914,0.7276958397157821,0,0.0,0,0,111,0.7358362681387945,0.7787176341447666,0.19278839702124273,0.6808672404329263,0.8516413750555506,0,0.0,0,0,0.6407091133985741,0.7525459821757543,0.0,0.025126418254795984,0.7897069953508488,0.6496451441304719,0.02564102564102564,0.7823198638608528,0.7001593020280404,0.0,0.7254965745546078,0.635822287717361,0.0,0.7842616103846792,0.6510054247169135,0.034482758620689655,0.7315726415585768,0.6375251653351011,0.0,0.06421042079624095,Light (II-III),Tan (IV),0.034482758620689655,2.879696565572633,0.5781554946520224,False,0.0643370143106794,0.2354112698732635,False
sam_ft__seed0,test,REFERENCE,True,185,28,/scratch/tbommawa/BRUISE_UNIFIED/STAGE_N4_RESULTS/tables/test_per_image__sam_ft__seed0.csv,185,0.7563297887072159,0.8152651312265666,0.24907958716708334,0.6944606838643583,0.8700064730695878,3,0.016216216216216217,0,3,74,0.7601797934697101,0.8365134930092657,0.23599912813776436,0.7268450134848936,0.818348485280498,2,0.02702702702702703,0,2,19,0.7593241085985918,0.8524728758630408,0.2385916906944171,0.7596450423636775,0.7856936633535755,1,0.05263157894736842,0,1,111,0.753763118865553,0.7950257289879932,0.2614745292238222,0.6728711307840014,0.9044451315956478,1,0.009009009009009009,0,1,0.7160021203815837,0.7921730755550093,0.0,0.037037037037037035,0.7987775061124694,0.7028452151397365,0.02564102564102564,0.8634296753875341,0.7619108987322486,0.0,0.7615474356244889,0.6119298325053979,0.041666666666666664,0.8262560273759527,0.7432926217143985,0.0,0.7410462856462936,0.6521790356869818,0.01818181818181818,0.12238338974124052,Intermediate (III-IV),Dark (VI),0.041666666666666664,11.485332158160872,0.021618395749493004,True,0.1499810662268507,0.11912605809273769,True
distill_segformer_b5__seed42,test,REFERENCE,True,185,28,/scratch/tbommawa/bruise_work/outputs/per_image_distill_segformer_b5__seed42.csv,185,0.7527467818268773,0.8124393723252497,0.1652000577432221,0.6973914363106187,0.8610018366075254,3,0.016216216216216217,0,3,74,0.748477110592534,0.812608328576112,0.14585062066774535,0.7250051024602158,0.809044603686012,1,0.013513513513513514,0,1,19,0.758518271661643,0.8059701492537313,0.14364428915785088,0.811327990686872,0.7674820555890874,0,0.0,0,0,111,0.7555932293164395,0.8104738154613467,0.18373764971137474,0.6789823255442208,0.8956399918885344,2,0.018018018018018018,0,2,0.7025558594350104,0.7980750257916954,0.0,0.03825201976625617,0.7826202852192456,0.7044651038682255,0.05128205128205128,0.883639585392221,0.8049657345111435,0.0,0.8319368925576364,0.6472616469947648,0.0,0.8053207107781096,0.7369095714629759,0.0,0.7811095415435984,0.6190894846341743,0.01818181818181818,0.10253004384862263,Intermediate (III-IV),Dark (VI),0.05128205128205128,15.325287255818207,0.004071989073314866,True,0.18587624987696916,0.24247520300085057,False
distill_p3_adaptive_full,test,REFERENCE,True,185,28,/scratch/tbommawa/bruise_work/outputs/per_image_distill_p3_adaptive_full.csv,185,0.7515250919573535,0.7984382130723594,0.1518025544732654,0.6995671469605808,0.8659286948959344,3,0.016216216216216217,2,1,74,0.7319568201973934,0.7868684772260209,0.13280096989294266,0.6884916189836641,0.8377187564831323,3,0.04054054054054054,2,1,19,0.650993064310986,0.8261655222262378,0.17186350003409834,0.6416777745231217,0.7781161875654493,3,0.15789473684210525,2,1,111,0.7645706064639934,0.8008489993935719,0.17300428778897936,0.7069508322785253,0.8847353205044691,0,0.0,0,0,0.7158871131691018,0.7861610826012511,0.0,0.042330447330447295,0.7905422134191632,0.6306997445584318,0.07692307692307693,0.8380828455775924,0.7396108834731698,0.0,0.7909251594053113,0.6839396273739449,0.0,0.8115663492618154,0.7232806184049987,0.0,0.7848157302541778,0.7150496288587002,0.0,0.05326711532341455,Intermediate (III-IV),Dark (VI),0.07692307692307693,3.4868023693337613,0.479887908753875,False,0.10891113891473803,0.18099408731812716,False
medsam_ft__seed1,test,REFERENCE,True,185,28,/scratch/tbommawa/BRUISE_UNIFIED/STAGE_N4_RESULTS/tables/test_per_image__medsam_ft__seed1.csv,185,0.7447820842030016,0.8070531832771299,0.23901850587049134,0.6741147140862419,0.90069901529371,3,0.016216216216216217,2,1,74,0.7357668031465512,0.8142467407578062,0.2652333462068318,0.6604447652483123,0.9032227280255704,3,0.04054054054054054,2,1,19,0.7209550278557294,0.8356928356928357,0.26013557520600206,0.6656416135695981,0.9218720988984581,2,0.10526315789473684,2,0,111,0.7507922715739688,0.8040005715102158,0.22810286615359276,0.6832280133115284,0.8990165401391362,0,0.0,0,0,0.6954372803059528,0.7899743925385808,0.0,0.03571428571428571,0.7771320277953253,0.612173934835954,0.05128205128205128,0.8652358830004541,0.7361052371416686,0.0,0.7560246176077637,0.6011686239125285,0.041666666666666664,0.8445765918832298,0.7407589551120354,0.0,0.7970080552359033,0.6718978720694446,0.0,0.10921126539269033,Intermediate (III-IV),Tan (IV),0.05128205128205128,8.018954258071231,0.09088633811605171,False,0.13959033119950692,0.15331886920120008,False
lraspp_mobilenetv3_distilled,test,REFERENCE,True,185,28,/scratch/tbommawa/bruise_work/outputs/per_image_lraspp_mobilenetv3_distilled.csv,185,0.7199779803092178,0.7835990888382688,0.2281195573414807,0.6832856722326234,0.8397819265490268,3,0.016216216216216217,2,1,74,0.6597222051902694,0.7097281648323914,0.29709257164874403,0.6311778082370507,0.8037886270728015,3,0.04054054054054054,2,1,19,0.6924219392802203,0.8006185367739441,0.268789116734231,0.6699460149498876,0.7720562882416395,1,0.05263157894736842,0,1,111,0.7601484970551831,0.7942028985507247,0.1766830193742588,0.7180242482296718,0.8637774595331773,0,0.0,0,0,0.6682828268449479,0.770274288389977,0.0,0.03649718361497182,0.7857980006894174,0.6089195681567516,0.05128205128205128,0.7945993984140005,0.7014722622146928,0.02631578947368421,0.7720219416691025,0.6933894795624869,0.0,0.806630465847385,0.6976447241565625,0.0,0.7540494882241876,0.7114726496495214,0.0,0.052580977623197356,Brown (V),Dark (VI),0.05128205128205128,1.5768765705535603,0.8129420000995065,False,0.10255308149276976,0.11810239113805465,False
distill_p2_cwd_b5_to_b0,test,REFERENCE,True,185,28,/scratch/tbommawa/bruise_work/outputs/per_image_distill_p2_cwd_b5_to_b0.csv,185,0.7736213046375027,0.823045267489712,0.15008986729311513,0.7346197177612811,0.85178712415691,4,0.021621621621621623,1,3,74,0.7643362168390159,0.8287494528942427,0.11328251199298867,0.7531171686943082,0.8083557349271201,3,0.04054054054054054,1,2,19,0.6858286479642148,0.8289490568458874,0.17839535186709232,0.7165982540714001,0.721095500092144,3,0.15789473684210525,1,2,111,0.7798113631698272,0.8166175438596491,0.17060566709015612,0.7222880838059298,0.8807413836434369,1,0.009009009009009009,0,1,0.7435431258373687,0.8019529398424449,0.0,0.05,0.8354842460179049,0.6983400782853295,0.07692307692307693,0.853606918167991,0.7888466197283922,0.0,0.7236296277397598,0.7170664789903191,0.0,0.8264689288304989,0.7626273186528103,0.0,0.7861918713845691,0.7157713717514749,0.01818181818181818,0.12997729042823114,Intermediate (III-IV),Tan (IV),0.07692307692307693,8.644139527325565,0.07063655568009186,False,0.0905065414430627,0.20811798498711176,False
ppmobileseg_tiny_distilled,test,REFERENCE,True,185,28,/scratch/tbommawa/bruise_work/outputs/per_image_ppmobileseg_tiny_distilled.csv,185,0.6891336426271606,0.7550700280112045,0.22590828415763564,0.6705828006807754,0.8021491184767963,4,0.021621621621621623,3,1,74,0.6453458999930535,0.7160345803353481,0.22957718685986928,0.6555761273374638,0.7553250095767255,4,0.05405405405405406,3,1,19,0.6433334980428371,0.6894578313253013,0.27725335907658066,0.7001810736612203,0.7296726915787691,0,0.0,0,0,111,0.7183254710498986,0.7744617252813975,0.2017649488861225,0.6805872495763164,0.8333651910768437,0,0.0,0,0,0.6488038095005014,0.7334621026560239,0.005494505494505495,0.039683853673919876,0.7329095861979504,0.6181953347609527,0.05128205128205128,0.8103723514343926,0.7303923899559355,0.0,0.6540580572470802,0.5622517341729084,0.0,0.7910728096342946,0.7310746612985248,0.06896551724137931,0.7368714694190669,0.6817833173478859,0.0,0.15631429418731235,Intermediate (III-IV),Tan (IV),0.06896551724137931,9.193389707365126,0.056443302802727205,False,0.16882292712561642,0.2996099665187252,False
topformer_tiny,test,REFERENCE,True,185,28,/scratch/tbommawa/BRUISE_UNIFIED/_work/outputs/per_image_topformer_tiny.csv,185,0.6801360613802793,0.7406317611423626,0.22433672074425026,0.69224443289836,0.7477946251327025,4,0.021621621621621623,4,0,74,0.6346258892545393,0.7202933378447105,0.22865163987621995,0.7074416857040793,0.678242692294249,4,0.05405405405405406,4,0,19,0.5755404632023784,0.6873440285204991,0.25447062686144,0.7121599252570276,0.6447696642847519,2,0.10526315789473684,2,0,111,0.7104761761307726,0.7564988803427125,0.240482370706961,0.6821129310278808,0.7941625803583382,0,0.0,0,0,0.6446353476867528,0.7183376413100608,0.0,0.04945054945054945,0.7406317611423626,0.6552386373977016,0.07692307692307693,0.7531328726513831,0.7051396519964989,0.0,0.6828643017602527,0.6889661942963216,0.0,0.7530287131546313,0.750892791705851,0.034482758620689655,0.6848545043426808,0.6800823059861434,0.0,0.07026857089113037,Intermediate (III-IV),Tan (IV),0.07692307692307693,1.6315975936091842,0.8031021862924779,False,0.09565415430814939,0.12143732450888878,False
ppmobileseg_tiny_b2kd,test,REFERENCE,True,185,28,/scratch/tbommawa/bruise_work/outputs/per_image_ppmobileseg_tiny_b2kd.csv,185,0.6758656100497099,0.7077697090512127,0.2337921271413983,0.631831829925504,0.8172291867691899,4,0.021621621621621623,3,1,74,0.6286121704358039,0.6841729393886401,0.2614609577380832,0.6090478430905217,0.7805591206941268,4,0.05405405405405406,3,1,19,0.6827744001225823,0.7075586711368486,0.269469267843359,0.7214109375304089,0.7719287963274335,0,0.0,0,0,111,0.7073679031256475,0.7322936635407492,0.2325565002636577,0.6470211544821591,0.8416758974858987,0,0.0,0,0,0.6370289501773724,0.720172685191533,0.0,0.04878048780487805,0.7322936635407492,0.6656268263155306,0.02564102564102564,0.7808052241261589,0.6929596269037637,0.0,0.6584198098329666,0.5449421315062929,0.041666666666666664,0.7589335016171018,0.6660119910417753,0.06896551724137931,0.6759992632160619,0.5855275925674003,0.0,0.12238541429319238,Intermediate (III-IV),Tan (IV),0.06896551724137931,10.05680159536515,0.039481659561615076,True,0.14801749539747078,0.347057153174654,False
ppmobileseg_tiny#e981,test,REFERENCE,True,185,28,/scratch/tbommawa/bruise_work/outputs/per_image_ppmobileseg_tiny.csv,185,0.6568183615652969,0.7157607916248386,0.25924632809417825,0.6583251459890032,0.7604912269136084,4,0.021621621621621623,3,1,74,0.620985144848604,0.7113876669843611,0.3224274961829444,0.6620111655757956,0.7035931706226652,4,0.05405405405405406,3,1,19,0.6162356977587188,0.7279475982532752,0.3897656291201896,0.6948004288083289,0.6801669152169763,0,0.0,0,0,111,0.6807071727097592,0.7181836902800659,0.22261650036058056,0.655867799597808,0.798423264440904,0,0.0,0,0,0.6173575706989729,0.6984596314011073,0.0,0.04878048780487805,0.6818488529014844,0.6406121302446783,0.02564102564102564,0.7937103877942275,0.7207228575241496,0.0,0.6151727772321094,0.586249221270515,0.041666666666666664,0.7296999117387467,0.6777830344709821,0.06896551724137931,0.664507013130234,0.648965836951902,0.0,0.17853761056211814,Intermediate (III-IV),Tan (IV),0.06896551724137931,11.206021494007818,0.02434363090366571,True,0.1344736362536345,0.2654312229409448,False
deeplabv3plus_r50,test,REFERENCE,True,185,28,/scratch/tbommawa/bruise_work/outputs/per_image_deeplabv3plus_r50.csv,185,0.7583768558852945,0.8183441196161572,0.15253912439371187,0.7093539701147743,0.8863344814183834,5,0.02702702702702703,4,1,74,0.7308428695278824,0.8277372480551926,0.15039754004151884,0.6894165314257563,0.8849602711108705,5,0.06756756756756757,4,1,19,0.6923365797552394,0.7982905982905983,0.1477005986031572,0.7023106160547826,0.8202350142284943,3,0.15789473684210525,2,1,111,0.776732846790236,0.8157607683507596,0.17442613475940305,0.7226455959074527,0.8872506216233924,0,0.0,0,0,0.70562009826069,0.8045848566625328,0.0,0.06432748538011696,0.7527311171150006,0.5892895936295888,0.1282051282051282,0.8554850296937428,0.7650069177717331,0.0,0.8226349051874973,0.6923340863222555,0.0,0.8513583307509555,0.7235693098164755,0.0,0.804676036130042,0.7559708979625727,0.0,0.10275391257874222,Intermediate (III-IV),Light (II-III),0.1282051282051282,9.57913191355399,0.048146413365394915,True,0.17571732414214436,0.19952485752541071,False
yolo_sem_distilled,test,REFERENCE,True,185,28,/scratch/tbommawa/BRUISE_UNIFIED/results/analysis_native/per_image_yolo_sem_distilled.csv,185,0.7260703223271405,0.8011545122185877,0.24036930542882984,0.6777021235548835,0.8646861382519789,5,0.02702702702702703,4,1,74,0.7222980368387497,0.8079927059878655,0.19192737396628046,0.7162617107162417,0.7940347451080022,4,0.05405405405405406,3,1,19,0.6324490893208423,0.7843463780183181,0.28220323215851595,0.6370705003270306,0.7488404633879407,3,0.15789473684210525,2,1,111,0.7285851793194009,0.796755073611756,0.26827458513503133,0.6519957321139778,0.9117870670146302,1,0.009009009009009009,1,0,0.6658464785934387,0.7827116699049756,0.005319148936170213,0.05524931286265581,0.7583393864893557,0.5809648153297454,0.10256410256410256,0.827067703150681,0.762659416346385,0.0,0.8128697128102911,0.6984963728985892,0.0,0.8330213772042163,0.7522360593105272,0.0,0.7718307115375249,0.6392263376192598,0.01818181818181818,0.07468199071486059,Brown (V),Light (II-III),0.10256410256410256,8.942075038020118,0.06256374974548563,False,0.1816946010166396,0.26155457361833134,False
fastscnn_b2kd,test,REFERENCE,True,185,28,/scratch/tbommawa/bruise_work/outputs/per_image_fastscnn_b2kd.csv,185,0.6504153810601941,0.7036633528530574,0.27660416739838845,0.6416405081139791,0.7378205108004092,6,0.032432432432432434,2,4,74,0.6033242804924299,0.7022203047081808,0.28596463914570924,0.6336565090010824,0.6542753843171932,5,0.06756756756756757,2,3,19,0.5394446644898594,0.6635119580509017,0.34223948229029455,0.5774517152798938,0.5543799429225235,1,0.05263157894736842,0,1,111,0.6818094481053703,0.7227325425845001,0.23976925863522702,0.6469631741892435,0.7935172617892199,1,0.009009009009009009,0,1,0.6007715239639045,0.6995834997615912,0.01098901098901099,0.05851063829787234,0.7003381695211083,0.5827652153773528,0.07692307692307693,0.7421310797644738,0.6807460688988144,0.02631578947368421,0.7464414443754885,0.6287233056467254,0.0,0.7336939668538746,0.7137246161982012,0.034482758620689655,0.68242488000526,0.6239986686899126,0.01818181818181818,0.06401656437022851,Tan (IV),Dark (VI),0.07692307692307693,4.375426918118847,0.3575752021629939,False,0.13095940082084834,0.17463819680557968,False
fastscnn_rgkd,test,REFERENCE,True,185,28,/scratch/tbommawa/bruise_work/outputs/per_image_fastscnn_rgkd.csv,185,0.6417204511263176,0.694188051526524,0.2873105298070696,0.6134937749966201,0.7333943158504187,6,0.032432432432432434,1,5,74,0.5997004431170456,0.702885750915324,0.3549301650863869,0.6174458945985578,0.6394559241014933,6,0.08108108108108109,1,5,19,0.47864475775758797,0.5993649113522096,0.552945114783505,0.5306618411039623,0.5044015411715858,4,0.21052631578947367,1,3,111,0.6697337897991655,0.6915212110941649,0.2949955284604884,0.6108590285953281,0.7960199103497023,0,0.0,0,0,0.5902111316604852,0.6946556042811195,0.005127551020408164,0.07096774193548387,0.6797614871974745,0.5841037686804297,0.07692307692307693,0.7534267500559549,0.6670634486090566,0.02631578947368421,0.6501916788117601,0.5849311560057413,0.0,0.7923691811647746,0.7096837737817776,0.034482758620689655,0.6644377858381959,0.5590675120888082,0.01818181818181818,0.14217750235301452,Brown (V),Tan (IV),0.07692307692307693,10.828323781447676,0.028562701673924967,True,0.15061626169296938,0.16662271044410015,False
unet_r50,test,REFERENCE,True,185,28,/scratch/tbommawa/bruise_work/outputs/per_image_unet_r50.csv,185,0.7570133121939514,0.8328752309286712,0.1847055176173945,0.7397248380443511,0.8587960544472429,7,0.03783783783783784,7,0,74,0.7199381567656483,0.8358802069489881,0.21518371163817174,0.718743121393039,0.8637039807831578,6,0.08108108108108109,6,0,19,0.6437767616579194,0.8037739115381286,0.3223899685420124,0.6612455735829312,0.8736670334479212,3,0.15789473684210525,3,0,111,0.7817300824794867,0.8245442070182317,0.16452344457935442,0.753712649145226,0.8555241035566332,1,0.009009009009009009,1,0,0.6989696603604366,0.8082242333270365,0.009900990099009901,0.07462901012180473,0.8081939138453431,0.5857092035091394,0.15384615384615385,0.859689152767555,0.8017199748044647,0.0,0.8042902613092731,0.7513505116155885,0.0,0.881203007518797,0.7866064793552169,0.034482758620689655,0.8198143967895661,0.7763104887036987,0.0,0.07691274620952393,Brown (V),Tan (IV),0.15384615384615385,5.191339294403939,0.26822223646696874,False,0.2160107712953253,0.31217422490467883,False
ppmobileseg_tiny_rgkd,test,REFERENCE,True,185,28,/scratch/tbommawa/bruise_work/outputs/per_image_ppmobileseg_tiny_rgkd.csv,185,0.6781858246008604,0.7329012069736254,0.21244500366470265,0.6566035988862814,0.7933039040144768,7,0.03783783783783784,5,2,74,0.6180291949745433,0.7120138215550602,0.28271516673489705,0.6166280813164511,0.7552212827492202,7,0.0945945945945946,5,2,19,0.569529460779479,0.6370093457943925,0.4241342082805775,0.5710935938437088,0.7871411479038694,3,0.15789473684210525,2,1,111,0.7182902443517386,0.7408839067130525,0.1725990784446021,0.6832539439328348,0.8186923181913146,0,0.0,0,0,0.6311806032604342,0.7235910211027169,0.010101010101010102,0.07526881720430108,0.6847722204523734,0.5516152171067492,0.1282051282051282,0.7934944205679684,0.6991745540662425,0.0,0.7160293087182357,0.6410778698590097,0.0,0.7599549892918073,0.7113502157241517,0.06896551724137931,0.7291659459646452,0.6795457116302726,0.0,0.10872220011559497,Intermediate (III-IV),Light (II-III),0.1282051282051282,5.495564122276612,0.24011967202118692,False,0.15973499861740248,0.16828857316249357,False
ppmobileseg_tiny,test,REFERENCE,True,185,28,/scratch/tbommawa/BRUISE_UNIFIED/_work/outputs/per_image_ppmobileseg_tiny.csv,185,0.6483675371996476,0.7192631157388867,0.28482300106170977,0.608278370774066,0.8138254278157313,7,0.03783783783783784,6,1,74,0.5885120249266985,0.7085806787324963,0.2929454982448792,0.5806670476504918,0.7849598739832396,6,0.08108108108108109,5,1,19,0.5977016810355231,0.7424369045629283,0.28241978571992354,0.6041721613807981,0.7923278605685656,1,0.05263157894736842,1,0,111,0.6882712120482803,0.7219040247678019,0.24435923535302195,0.6266859195231154,0.8330691303707256,1,0.009009009009009009,1,0,0.5968113419127521,0.7049777568328037,0.010810810810810811,0.07051470588235291,0.7127659574468085,0.5629294025528472,0.07692307692307693,0.7718291741314149,0.6535796496731243,0.0,0.600912207957813,0.5129592880015849,0.041666666666666664,0.7780689655172414,0.6961430187545233,0.06896551724137931,0.7030932216252315,0.6044009954571498,0.01818181818181818,0.1771567575594284,Brown (V),Tan (IV),0.07692307692307693,9.382983898546497,0.05220800047626682,False,0.18318373075293848,0.27022713097720163,False
fastscnn,test,REFERENCE,True,185,28,/scratch/tbommawa/BRUISE_UNIFIED/_work/outputs/per_image_fastscnn.csv,185,0.6381202346413283,0.6773183774618495,0.30604455485511706,0.6063181942594599,0.7628086307513937,7,0.03783783783783784,4,3,74,0.5842095335926821,0.6546533614967591,0.34738651014363253,0.5845032112190099,0.7002327119267685,6,0.08108108108108109,4,2,19,0.5135920087742296,0.624374278013092,0.3805649566667648,0.5545305369747865,0.6284480834320397,3,0.15789473684210525,2,1,111,0.6740607020070923,0.7097410890514338,0.3290917440444958,0.6208615162864267,0.8045259099678108,1,0.009009009009009009,0,1,0.5872971684415509,0.6917068070303259,0.009344707672245165,0.07614334058496494,0.6652634533080755,0.571163172871604,0.10256410256410256,0.7560471784374052,0.7085298413421506,0.0,0.6986665133967369,0.6199376608909574,0.041666666666666664,0.7721908671113391,0.6319514944719263,0.034482758620689655,0.6362904153722242,0.5411685640715808,0.01818181818181818,0.1359004517391149,Brown (V),Dark (VI),0.10256410256410256,12.483322465521095,0.014096755694750386,True,0.16736127727056982,0.17420217230382073,False
fastscnn_distilled#e981,test,REFERENCE,True,185,28,/scratch/tbommawa/bruise_work/outputs/per_image_fastscnn_distilled.csv,185,0.6161411856056501,0.6846527504266772,0.34073319717135503,0.576520646986127,0.7851460669384993,8,0.043243243243243246,6,2,74,0.5706495501165854,0.682949018755297,0.4030100335063316,0.5520188514411171,0.7675188815179215,8,0.10810810810810811,6,2,19,0.4338825230050969,0.6246412856322938,0.6780466346972929,0.42617235347114624,0.7885907223695787,6,0.3157894736842105,5,1,111,0.6464689425983601,0.6865510493285647,0.35989766828338476,0.5928551773494671,0.7968975238855512,0,0.0,0,0,0.5481877899268398,0.6815810272038598,0.005235602094240838,0.10454688094332443,0.6179594464113293,0.48574166597880863,0.1282051282051282,0.7200593008770746,0.6232229748748926,0.02631578947368421,0.7590767570914104,0.611471430214857,0.0,0.7503604302983253,0.6677592197873344,0.0,0.6334612052963742,0.5452652722731779,0.03636363636363636,0.14111731068008115,Tan (IV),Light (II-III),0.1282051282051282,14.244650111957531,0.006553810741936974,True,0.1820175538085258,0.2601207036616274,False
yolo_sem_direct,test,REFERENCE,True,185,28,/scratch/tbommawa/BRUISE_UNIFIED/results/analysis_native/per_image_yolo_sem_direct.csv,185,0.7021261834301191,0.8060514666536946,0.26091792412209125,0.6697391876238268,0.8782691404520195,12,0.06486486486486487,12,0,74,0.6455512549955459,0.7786552334231376,0.29607947538209434,0.6225093172751022,0.8669128598882115,10,0.13513513513513514,10,0,19,0.4946588308981946,0.6806380982170785,0.818751167466174,0.4720019492852875,0.9049962088373683,6,0.3157894736842105,6,0,111,0.7398428023865011,0.8296303986710963,0.2318436213683397,0.7012257678563097,0.8858399941612245,2,0.018018018018018018,2,0,0.62689380285877,0.7710873789405267,0.025,0.11656697341513288,0.7140424769244555,0.5156777254329843,0.15384615384615385,0.8275494739238491,0.6975824472745072,0.05263157894736842,0.7780145269313814,0.6667580127196039,0.0,0.8454007750356924,0.7353928022349584,0.06896551724137931,0.7866908252347224,0.7264291245819274,0.03636363636363636,0.1313582981112369,Brown (V),Light (II-III),0.15384615384615385,5.837791920006862,0.21159398858691883,False,0.2197150768019741,0.3414407838603266,False
fastscnn_distilled,test,REFERENCE,True,185,28,/scratch/tbommawa/BRUISE_UNIFIED/_work/outputs/per_image_fastscnn_distilled.csv,185,0.6327557810217977,0.7229998409416256,0.3173572655281952,0.6081989305748913,0.7758049603555827,13,0.07027027027027027,8,5,74,0.5834688386807972,0.7043282596368783,0.37304682299775316,0.5795874600719555,0.713387786001232,8,0.10810810810810811,5,3,19,0.4828256689080252,0.5673011556764106,0.4905238694177081,0.4514185518843172,0.7084898648387867,4,0.21052631578947367,2,2,111,0.665613742582465,0.7448475300515787,0.29287444329221735,0.6272732442435153,0.8174164099251501,5,0.04504504504504504,3,2,0.5609618978647171,0.7001082614962263,0.020575427025198715,0.13020833333333334,0.6546135468457416,0.5058919853361552,0.1794871794871795,0.8002492993942842,0.7189513871954705,0.02631578947368421,0.7616811977530638,0.6394998837366083,0.08333333333333333,0.7916628068550254,0.6915410741441085,0.034482758620689655,0.600987484211735,0.5466213391810764,0.03636363636363636,0.19926181518254926,Intermediate (III-IV),Dark (VI),0.15317139001349528,17.348065785189764,0.0016539521410175065,True,0.21305940185931527,0.25456489015920536,False
fastscnn#e981,test,REFERENCE,True,185,28,/scratch/tbommawa/bruise_work/outputs/per_image_fastscnn.csv,185,0.6053444956203337,0.6866198663247719,0.3444720144212729,0.5753828592754308,0.7601263088646104,13,0.07027027027027027,8,5,74,0.5036931751130954,0.5613522649342859,0.553236394832809,0.4983652231952591,0.7080442748716376,12,0.16216216216216217,8,4,19,0.3505148297190961,0.3438081681813205,0.5980745675364716,0.34051431638702995,0.8000400912984875,7,0.3684210526315789,7,0,111,0.6731120426251591,0.7076840910608185,0.27153678743203946,0.6267279499955452,0.7948476648599255,1,0.009009009009009009,0,1,0.5438514120618334,0.6690322980838922,0.028167035923405605,0.11920681693906067,0.6171012182625527,0.46539534657305937,0.1794871794871795,0.765196202109472,0.6446236965521525,0.02631578947368421,0.6423893800716106,0.5865977065296035,0.041666666666666664,0.7510406119923501,0.6486087120422926,0.034482758620689655,0.604958907925895,0.5620311340852109,0.05454545454545454,0.16023729418357702,Intermediate (III-IV),Dark (VI),0.15317139001349528,11.56450447214908,0.020901319227446896,True,0.18321336546923328,0.2721611410566523,False
medsam_ft__seed2#c827,val,val:c827901ce6,False,134,20,/scratch/tbommawa/BRUISE_UNIFIED/STAGE_N4_RESULTS/tables/val_per_image__medsam_ft__seed2.csv,134,0.7580002140253866,0.7969474320593971,0.1901071949497002,0.8286106357272304,0.7405185939136392,1,0.007462686567164179,0,1,54,0.7377023406104031,0.7712711649812867,0.19125001288076593,0.8252627306516801,0.7192027644154324,1,0.018518518518518517,0,1,14,0.6530727614504966,0.7456751094990444,0.2556723815876938,0.832126872027233,0.6068436048887699,1,0.07142857142857142,0,1,80,0.7717012785805007,0.8097732202511245,0.16876990339895204,0.8308704716532269,0.7549067788249284,0,0.0,0,0,0.718725565452502,0.8012907579457185,0.0,0.02702702702702703,0.8000748316288351,0.8373993946124685,0.0,0.8491504814689156,0.8700071484972456,0.0,0.770663153271849,0.8049450761674661,0.0,0.7858541458541458,0.8042650871247962,0.0,0.7640104945463626,0.7685861755070961,0.0,0.08513998692255298,Intermediate (III-IV),Dark (VI),0.0,9.034176409243457,0.0602508871238731,False,0.10142097299014952,0.2329315147498524,False
rn50_l3_g37,val,val:c827901ce6,False,134,20,/scratch/tbommawa/BRUISE_UNIFIED/DERM_PROBE_RESULTS/val_per_image__rn50_l3_g37.csv,134,0.47584436686670667,0.45047597631514047,0.2797133778115749,0.6877468075453069,0.42093804209988334,1,0.007462686567164179,0,1,54,0.42240335652931477,0.41697558378421407,0.33440951422331033,0.6910269583444504,0.3710636909029097,1,0.018518518518518517,0,1,14,0.4178488941503778,0.41586745724455654,0.3069978861782594,0.6774471655739364,0.37607991480537795,1,0.07142857142857142,0,1,80,0.511917048844446,0.48299127360470395,0.2521023548298481,0.685532705755885,0.45460322915784046,0,0.0,0,0,0.42663870773308804,0.5482560453087276,0.0,0.02702702702702703,0.4181184668989547,0.6134057390372711,0.0,0.5062112392431708,0.7299733607321367,0.0,0.4983894582723279,0.7244406448988643,0.0,0.4393887945670628,0.5624304646115311,0.0,0.4338695099461583,0.6933376040028774,0.0,0.08809277234421609,Intermediate (III-IV),Light (II-III),0.0,6.7741960666670025,0.14831304574849188,False,0.16754289612060558,0.2516395862919618,False
rn50_l3_g40,val,val:c827901ce6,False,134,20,/scratch/tbommawa/BRUISE_UNIFIED/DERM_PROBE_RESULTS/val_per_image__rn50_l3_g40.csv,134,0.445715632161415,0.43832412599948234,0.25166168900566244,0.6057157501071669,0.4282496702145941,1,0.007462686567164179,0,1,54,0.3906211728253929,0.3591020038377517,0.28239406543456336,0.5669169646826807,0.3940612474942714,1,0.018518518518518517,0,1,14,0.40035774380038275,0.3897846514808187,0.2975874054455707,0.5905346093898992,0.4143645315603388,1,0.07142857142857142,0,1,80,0.4829043922132298,0.48069773624779033,0.2507043356783758,0.6319049302686952,0.45132685555081176,0,0.0,0,0,0.39595755563321333,0.5165033324999527,0.0,0.02702702702702703,0.3494007392749131,0.503739255250315,0.0,0.4938421900154975,0.6732161338794417,0.0,0.5038118758724364,0.6352469771795735,0.0,0.3633941997851772,0.5062268236610932,0.0,0.4336488833372595,0.5963670413124139,0.0,0.15441113659752326,Tan (IV),Light (II-III),0.0,9.410613697855581,0.051616696611332266,False,0.16947687862912664,0.10644453080720562,True
medsam_ft__seed0#c827,val,val:c827901ce6,False,134,20,/scratch/tbommawa/BRUISE_UNIFIED/STAGE_N4_RESULTS/tables/val_per_image__medsam_ft__seed0.csv,134,0.7957234995235999,0.8433880468876512,0.14661957675613468,0.8430350871417883,0.7886277189692272,2,0.014925373134328358,0,2,54,0.7951907697553487,0.831257774309735,0.14227874467147772,0.8872886898035461,0.7533905925128318,2,0.037037037037037035,0,2,14,0.6807487915167973,0.765128892987678,0.20203675211895122,0.8976829920770524,0.5972650025809421,2,0.14285714285714285,0,2,80,0.7960830921171695,0.8549158948306667,0.15233109143962498,0.8131639053451017,0.8124127793272938,0,0.0,0,0,0.7569506942356701,0.8333495590347226,0.0,0.042735042735042736,0.8241071969926635,0.8491937095114515,0.0,0.8613658347204103,0.8701439660780299,0.0,0.8554849785407725,0.838472531637666,0.047619047619047616,0.8182438103231221,0.7737862366784508,0.0,0.8246480701760341,0.8068088364791112,0.0,0.04312202439728818,Intermediate (III-IV),Brown (V),0.047619047619047616,4.198542192465311,0.3798024071676527,False,0.0963577293995791,0.13357353789073056,False
sam_ft__seed0#c827,val,val:c827901ce6,False,134,20,/scratch/tbommawa/BRUISE_UNIFIED/STAGE_N4_RESULTS/tables/val_per_image__sam_ft__seed0.csv,134,0.7920596938065605,0.8436074361625828,0.13118267967615482,0.8395687797581842,0.788149667834838,2,0.014925373134328358,0,2,54,0.7946819757992456,0.8517286767633034,0.11722294883715378,0.8772135157824267,0.7581275360103191,2,0.037037037037037035,0,2,14,0.7287968067724269,0.842793723689246,0.146804165245498,0.8959942367511119,0.6642297157304127,2,0.14285714285714285,0,2,80,0.790289653461498,0.8425965115768098,0.1432757436130797,0.8141585829418206,0.8084146068163882,0,0.0,0,0,0.7462296289433838,0.8372110072860632,0.0,0.042735042735042736,0.8309197845104532,0.8654725931111064,0.0,0.8553397983027342,0.866367157205022,0.0,0.8580351114112087,0.8275634698787423,0.047619047619047616,0.7979467302202551,0.7649192959737858,0.0,0.8132695505607053,0.7888003189446887,0.0,0.06008838119095361,Tan (IV),Brown (V),0.047619047619047616,4.919481404762166,0.29565943111556237,False,0.10144786123123617,0.13104488400644299,False
sam_ft__seed2#c827,val,val:c827901ce6,False,134,20,/scratch/tbommawa/BRUISE_UNIFIED/STAGE_N4_RESULTS/tables/val_per_image__sam_ft__seed2.csv,134,0.7838898287503959,0.8262982026483492,0.14595622984823864,0.8357243989325351,0.7775231204591231,2,0.014925373134328358,0,2,54,0.7872007877116768,0.8490426994824176,0.1380068142109223,0.8729284941568279,0.7532042120567546,2,0.037037037037037035,0,2,14,0.6787742676806366,0.7516550555857966,0.16521236309278553,0.8915664524576952,0.5945945850042019,2,0.14285714285714285,0,2,80,0.7816549314515313,0.8196263150381438,0.14615133193256558,0.8106116346561375,0.7939383836307219,0,0.0,0,0,0.7442967407485168,0.8238443696675901,0.0,0.042735042735042736,0.7973800822696538,0.8354369239201741,0.0,0.8500364552122242,0.8726122117084991,0.0,0.8399042844120328,0.8257333864368458,0.047619047619047616,0.7837712005320918,0.7746667961614271,0.0,0.8049983953260773,0.7923319424478427,0.0,0.06626525468013233,Intermediate (III-IV),Brown (V),0.047619047619047616,4.286338864113134,0.36863887674458046,False,0.09794541554707203,0.12307203500153374,False
dinov2_ft__seed0#c827,val,val:c827901ce6,False,134,20,/scratch/tbommawa/BRUISE_UNIFIED/STAGE_N3_RESULTS/tables/val_per_image__dinov2_ft__seed0.csv,134,0.7824354435565806,0.8386208628629989,0.20331956324863443,0.8364168838741786,0.7737593587578596,2,0.014925373134328358,0,2,54,0.7568310528078591,0.7982706227213745,0.22915013634480264,0.8623576261823444,0.7146935789756947,2,0.037037037037037035,0,2,14,0.661677576779253,0.7288341439980784,0.21645013566662374,0.8770105787461049,0.5890921268636742,2,0.14285714285714285,0,2,80,0.7997184073119674,0.8554981100971246,0.16646229831826542,0.8189068828161666,0.8136287601108207,0,0.0,0,0,0.7411208682602713,0.8264694073109112,0.0,0.042735042735042736,0.7749084249084249,0.8007720020700186,0.0,0.8731514685662913,0.8739430325390702,0.0,0.865533230293663,0.8402861773315006,0.047619047619047616,0.7417623102554609,0.7790795395450629,0.0,0.8082296918051924,0.8198208706212561,0.0,0.13138915831083042,Intermediate (III-IV),Brown (V),0.047619047619047616,8.720142817502392,0.06848817946022717,False,0.09486349299400731,0.2109275996288955,False
sam_ft__seed1#c827,val,val:c827901ce6,False,134,20,/scratch/tbommawa/BRUISE_UNIFIED/STAGE_N4_RESULTS/tables/val_per_image__sam_ft__seed1.csv,134,0.7819836087857782,0.8298011346881523,0.1528205413462821,0.8261867475605672,0.7794072549850262,2,0.014925373134328358,0,2,54,0.7676307036487564,0.7998133199292501,0.1391826607277442,0.8689260315119673,0.7215359070529929,2,0.037037037037037035,0,2,14,0.703070815529096,0.8401849036815461,0.1420842004945605,0.8660565370719139,0.6448665897054572,2,0.14285714285714285,0,2,80,0.7916718197532677,0.8399582604037377,0.14636149734193182,0.7973377308933722,0.8184704148391486,0,0.0,0,0,0.7414863501066592,0.8261256072459288,0.0,0.042735042735042736,0.8169775297400499,0.7808722949944835,0.0,0.8625218399936015,0.8429107037562196,0.0,0.888991499135706,0.857892547531256,0.047619047619047616,0.7982617731802938,0.8264617087130676,0.0,0.7977902673715729,0.8188255427268955,0.0,0.09120123176413308,Tan (IV),Dark (VI),0.047619047619047616,9.83196050725445,0.043355442031518705,True,0.07702025253677247,0.15664184324220476,False
medsam_ft__seed1#c827,val,val:c827901ce6,False,134,20,/scratch/tbommawa/BRUISE_UNIFIED/STAGE_N4_RESULTS/tables/val_per_image__medsam_ft__seed1.csv,134,0.772919384607092,0.8241142321280743,0.15168868959299986,0.8295461246824876,0.7663698044604808,2,0.014925373134328358,0,2,54,0.7627030473327707,0.8148400976431915,0.18032732751984992,0.8411935236078963,0.7390315573686596,2,0.037037037037037035,0,2,14,0.7024483955834703,0.8337709404739724,0.18695592711911346,0.8570527937165521,0.6551998040507866,2,0.14285714285714285,0,2,80,0.7798154122672587,0.8389698682439576,0.12858966003695527,0.8216841304078365,0.7848231212474603,0,0.0,0,0,0.7320627090795419,0.8172210691164331,0.0,0.042735042735042736,0.8061654608367411,0.8001672881453432,0.0,0.8563888792760959,0.845569100313339,0.0,0.8445221244854493,0.8382340551540053,0.047619047619047616,0.7889589435535919,0.7900305123468218,0.0,0.7923124112817599,0.8330245505668653,0.0,0.067429935722504,Intermediate (III-IV),Brown (V),0.047619047619047616,9.292856712276205,0.05418207416380887,False,0.05553858796651723,0.0825499091594597,False
dermlip_ft__seed0#c827,val,val:c827901ce6,False,134,20,/scratch/tbommawa/BRUISE_UNIFIED/STAGE_N3_RESULTS/tables/val_per_image__dermlip_ft__seed0.csv,134,0.7234650588796192,0.7708333948713677,0.20010244153207912,0.8053879199352276,0.6882705567796941,2,0.014925373134328358,0,2,54,0.6664902647941895,0.7003971585171251,0.2546573956949193,0.7900398674451421,0.6056470519202547,2,0.037037037037037035,0,2,14,0.619999398212996,0.7003971585171251,0.13278507498364112,0.8719450740776231,0.5238386070962556,2,0.14285714285714285,0,2,80,0.7619230448872842,0.8014892345912281,0.15507001705565038,0.8157478553660354,0.7440414225598155,0,0.0,0,0,0.6780278860134114,0.7799747483176219,0.0,0.042735042735042736,0.727247151498101,0.7846052680644998,0.0,0.833461406895893,0.8707555508058687,0.0,0.7731833384007297,0.8220026234913794,0.047619047619047616,0.7613663133097762,0.7691914353511543,0.0,0.7058912529961436,0.7106452672669281,0.0,0.12757015389974935,Intermediate (III-IV),Dark (VI),0.047619047619047616,14.753435850111998,0.005240901554828195,True,0.16011028353894063,0.22473461896096503,False
dinov2_probe,val,val:c827901ce6,False,134,20,/scratch/tbommawa/BRUISE_UNIFIED/FOUNDATION_RESULTS/val_per_image__dinov2_probe.csv,134,0.6567420525962759,0.6881884465573217,0.30009658420843066,0.8380064207733041,0.589515241067892,2,0.014925373134328358,0,2,54,0.5719193188005994,0.5692555333208615,0.249343488469004,0.8799180678691797,0.4530624467798235,2,0.037037037037037035,0,2,14,0.5007303915676607,0.5714413810909199,0.2050613508414728,0.8831652099712556,0.3708485092969211,2,0.14285714285714285,0,2,80,0.7139973979083576,0.7709608928750935,0.2329852466075869,0.8097160589835883,0.6816208772123383,0,0.0,0,0,0.5960492332435875,0.7332067294131978,0.0,0.042735042735042736,0.6139810824424917,0.8017927539850261,0.0,0.7733411404220443,0.8793283231213095,0.0,0.6547630089973101,0.8348865611761911,0.047619047619047616,0.73717437533227,0.8120003791384328,0.0,0.6702636738423304,0.8132700609942022,0.0,0.15936005797955255,Intermediate (III-IV),Light (II-III),0.047619047619047616,9.101275855062283,0.05861731990907336,False,0.07753556913628334,0.14699574631483525,False
biomedclip_g28,val,val:c827901ce6,False,134,20,/scratch/tbommawa/BRUISE_UNIFIED/DERM_PROBE_RESULTS/val_per_image__biomedclip_g28.csv,134,0.6217680188435739,0.6440510190409525,0.2783108906813634,0.7480794105042883,0.5889337105867566,2,0.014925373134328358,0,2,54,0.5469072006214586,0.5602225131851019,0.21339320156481456,0.7188750362657715,0.5043640028128373,1,0.018518518518518517,0,1,14,0.4913799670871165,0.5044421696447967,0.19784224159218516,0.7197887963872279,0.48449525890629247,1,0.07142857142857142,0,1,80,0.6722990711435018,0.7097433659989625,0.23135493905789795,0.7677923631152872,0.646018263334152,1,0.0125,0,1,0.572591997301372,0.6879048915792042,0.0,0.04081632653061224,0.5623509207136723,0.6851139679066972,0.0,0.709093733314156,0.8016553529969568,0.0,0.7214617081146856,0.7835111882941964,0.0,0.6523959646910467,0.7739931528617445,0.0,0.6014129668480679,0.6877240978713096,0.03571428571428571,0.15911078740101325,Tan (IV),Light (II-III),0.03571428571428571,10.743783845148641,0.029599568603221178,True,0.11654138509025957,0.1681312539086549,False
rn50_l3_g20,val,val:c827901ce6,False,134,20,/scratch/tbommawa/BRUISE_UNIFIED/DERM_PROBE_RESULTS/val_per_image__rn50_l3_g20.csv,134,0.5567712164292388,0.5754127335465709,0.2515547659069691,0.7276832780544588,0.5183576693922294,2,0.014925373134328358,0,2,54,0.49616466533098214,0.5002815120331069,0.21699021515945388,0.7703513167914167,0.43255096988097613,2,0.037037037037037035,0,2,14,0.44634899612810536,0.4705513858976319,0.2622112069010185,0.6975548220738892,0.40660158730059875,2,0.14285714285714285,0,2,80,0.5976806384205616,0.612097614766097,0.23456349086907724,0.6988823519070124,0.5762771915623255,0,0.0,0,0,0.5019434887602648,0.6271597248298143,0.0,0.043013070077864264,0.530958633025079,0.6287017410127569,0.03225806451612903,0.6121957260704062,0.764213213962933,0.0,0.5205125797972212,0.7455165322923574,0.0,0.533585222502099,0.6123643700874773,0.0,0.5715807980687424,0.7829857027448305,0.0,0.09168314627318497,Intermediate (III-IV),Tan (IV),0.03225806451612903,10.415033009366311,0.03398773320828766,True,0.17062133265735313,0.32104843524828675,False
medsiglip_probe,val,val:c827901ce6,False,134,20,/scratch/tbommawa/BRUISE_UNIFIED/FOUNDATION_RESULTS/val_per_image__medsiglip_probe.csv,134,0.49070834958444626,0.4873447903521765,0.3287215096756182,0.5845498278905766,0.47845683135240163,2,0.014925373134328358,0,2,54,0.38680441948207744,0.37837108655247964,0.24510781716061708,0.4862727743131611,0.3846921922671133,2,0.037037037037037035,0,2,14,0.3724392872829771,0.39260951560837,0.25215471543634455,0.5078961317614487,0.3617519119530431,2,0.14285714285714285,0,2,80,0.5608435024035453,0.5771277676837194,0.30302586601325976,0.6508868390553321,0.5417479627349713,0,0.0,0,0,0.4277035465198916,0.5794606096548774,0.0,0.0392156862745098,0.3706938133076083,0.4637442713848803,0.0,0.587318075504019,0.6494435444137491,0.021739130434782608,0.5214194373401535,0.6691046221613145,0.0,0.5599329874621704,0.6015249722475867,0.0,0.4587987384139435,0.5291903432233146,0.0,0.21662426219641073,Intermediate (III-IV),Light (II-III),0.021739130434782608,14.049133654358513,0.007139881227723478,True,0.20536035077643422,0.15517957672820182,True
dinov2_g28,val,val:c827901ce6,False,134,20,/scratch/tbommawa/BRUISE_UNIFIED/DERM_PROBE_RESULTS/val_per_image__dinov2_g28.csv,134,0.6634814677756216,0.7178120251665053,0.2823059183182042,0.7670093914545575,0.6565929939529577,3,0.022388059701492536,1,2,54,0.6107855862088413,0.6353071977628231,0.20975314502524833,0.8236115789834711,0.5415918721865066,2,0.037037037037037035,1,1,14,0.5549851644397025,0.6651874467685823,0.187277444730515,0.8485013845902232,0.5165013447988138,2,0.14285714285714285,1,1,80,0.6990511878331982,0.7820278832094276,0.21317130432793208,0.7288029148725409,0.7342187511453121,1,0.0125,0,1,0.5975257725742609,0.7389383948062921,0.0,0.05319503546099286,0.6294938581259245,0.7069172473166566,0.03225806451612903,0.8060328981199325,0.821738106118453,0.0,0.7141245366141944,0.7740269923504667,0.047619047619047616,0.6556891766882517,0.7155546493244181,0.0,0.7199977542557454,0.7429079115005282,0.0,0.176539039994008,Intermediate (III-IV),Light (II-III),0.047619047619047616,8.076142759841806,0.08882847341757862,False,0.11482085880179638,0.19611808731801716,False
dermlip_g28,val,val:c827901ce6,False,134,20,/scratch/tbommawa/BRUISE_UNIFIED/DERM_PROBE_RESULTS/val_per_image__dermlip_g28.csv,134,0.5721352017630538,0.62025509721282,0.34092842307649324,0.746506638432886,0.5112453834480494,3,0.022388059701492536,0,3,54,0.4740835388044625,0.49508243173515165,0.34124683667755784,0.7141577204010852,0.40373304990170783,2,0.037037037037037035,0,2,14,0.4993690345117434,0.5484569987201791,0.29285994249290825,0.7914674443925367,0.4326352164340252,1,0.07142857142857142,0,1,80,0.638320074260103,0.6678189722635366,0.24350688551576194,0.7683421581043517,0.5838162085918299,1,0.0125,0,1,0.49070160464968315,0.6726114944319219,0.0,0.05113636363636364,0.4984819431128156,0.607568256698047,0.03225806451612903,0.721123105422272,0.8049300927637253,0.021739130434782608,0.6118847006651885,0.7719365961092609,0.0,0.6031266467591779,0.7627228394057642,0.0,0.5940004015068221,0.7721700332536104,0.0,0.2226411623094564,Intermediate (III-IV),Light (II-III),0.03225806451612903,11.482572574952838,0.021643815210383804,True,0.19736183606567825,0.17648869524420197,True
rn50_l3_g28,val,val:c827901ce6,False,134,20,/scratch/tbommawa/BRUISE_UNIFIED/DERM_PROBE_RESULTS/val_per_image__rn50_l3_g28.csv,134,0.5264029306646898,0.5458416860932063,0.31374785188298304,0.6480667486811312,0.5087762122432636,3,0.022388059701492536,0,3,54,0.4741976075308746,0.494270131957945,0.3171078997359387,0.6585984810446008,0.43820132493764796,3,0.05555555555555555,0,3,14,0.4753095913434547,0.48593905677635074,0.36441064530710987,0.6915389304757854,0.4408085793466342,1,0.07142857142857142,0,1,80,0.5616415237800151,0.5659625760562735,0.26546171402915286,0.6409578293357893,0.5564142611745542,0,0.0,0,0,0.477070383286688,0.594610300758542,0.0,0.05128205128205128,0.5450153424299797,0.5773754012195245,0.03225806451612903,0.5783070535323857,0.6786189687385792,0.021739130434782608,0.543243550403455,0.6633713118803952,0.0,0.4238388546695522,0.556258378045897,0.0,0.4894650827188174,0.6750438617029325,0.0,0.15446819886283347,Intermediate (III-IV),Brown (V),0.03225806451612903,4.300735647816936,0.36683298788307167,False,0.12236059069268224,0.1619216101296871,False
rn50_g28,val,val:c827901ce6,False,134,20,/scratch/tbommawa/BRUISE_UNIFIED/DERM_PROBE_RESULTS/val_per_image__rn50_g28.csv,134,0.5252014258225863,0.5429894866391589,0.31073270337291264,0.6469567578765951,0.5092126639319022,3,0.022388059701492536,0,3,54,0.47419404396282117,0.49202741635246755,0.32486420655044346,0.6583381905889497,0.43940847424047713,3,0.05555555555555555,0,3,14,0.47500254276607384,0.48177676227808663,0.35428406178809513,0.690020202489265,0.4427343900892363,1,0.07142857142857142,0,1,80,0.5596314085779278,0.5673316794261531,0.2666826089893678,0.6392742907957557,0.5563304919736142,0,0.0,0,0,0.47612505872015926,0.5931304569509204,0.0,0.05128205128205128,0.5421071699107466,0.5715836216494213,0.03225806451612903,0.5762009293103354,0.6773642655027652,0.021739130434782608,0.538251900533323,0.6627063110348459,0.0,0.4161762864655065,0.5461746929613687,0.0,0.4794873506018519,0.6812250603122549,0.0,0.16002464284482892,Intermediate (III-IV),Brown (V),0.03225806451612903,4.467629939960556,0.34640300601997576,False,0.13505036735088627,0.1796509147050116,False
medsiglip_g28,val,val:c827901ce6,False,134,20,/scratch/tbommawa/BRUISE_UNIFIED/DERM_PROBE_RESULTS/val_per_image__medsiglip_g28.csv,134,0.46697965985442985,0.46409689072809424,0.3294843023070081,0.5647749097790217,0.45387400381646786,3,0.022388059701492536,0,3,54,0.36511860430885296,0.3367190429313893,0.2702146308410398,0.4731096933802295,0.3560336539017743,3,0.05555555555555555,0,3,14,0.3719510234924823,0.3739268276154355,0.20152948545774751,0.48764266923683763,0.36713899536237365,3,0.21428571428571427,0,3,80,0.5357358723476944,0.5433847066975401,0.3446591464317099,0.6266489308482065,0.5199162400088859,0,0.0,0,0,0.40327115778241956,0.5578309364024461,0.0,0.05263157894736842,0.4006463927304238,0.4702312713891162,0.03225806451612903,0.5190354021224468,0.6118341658976265,0.021739130434782608,0.5145405556071727,0.6339123375839334,0.0,0.4704107887498891,0.5582837696775927,0.0,0.38649535714100475,0.526362549608205,0.0,0.13254004498144206,Intermediate (III-IV),Dark (VI),0.03225806451612903,7.739319578632628,0.10160772501472763,False,0.1636810661948172,0.08512047325863059,True
rn50_l4_g20,val,val:c827901ce6,False,134,20,/scratch/tbommawa/BRUISE_UNIFIED/DERM_PROBE_RESULTS/val_per_image__rn50_l4_g20.csv,134,0.12419769871015414,0.10368842829298866,0.07820509724206848,0.7519790782658505,0.07126898434836124,5,0.03731343283582089,0,5,54,0.07343497520536334,0.07906233561001995,0.0408929788804192,0.7845712901346611,0.03871882782367683,3,0.05555555555555555,0,3,14,0.05824175391033515,0.05898877840936735,0.02963010505683985,0.7824725560472341,0.030518172282030916,2,0.14285714285714285,0,2,80,0.15846253707588792,0.14351149365708984,0.10199616210036697,0.7299793352544033,0.09324034000252321,2,0.025,0,2,0.09773798817841245,0.15802784131081787,0.0072992700729927005,0.07432432432432433,0.0956538175288544,0.8939917275032683,0.0,0.12326328340135155,0.8744553884732487,0.0,0.0872706325680751,0.6614430051054667,0.047619047619047616,0.1434620174346201,0.624066257883175,0.0,0.08164406931104284,0.48456207688772096,0.10714285714285714,0.06181794812357724,Brown (V),Dark (VI),0.10714285714285714,12.817355086848414,0.012203584130285145,True,0.4094296506155473,0.38411607253804925,True
resnet50_probe,val,val:c827901ce6,False,134,20,/scratch/tbommawa/BRUISE_UNIFIED/FOUNDATION_RESULTS/val_per_image__resnet50_probe.csv,134,0.12251299984208402,0.1022559597808892,0.07415261568338717,0.7489813389220135,0.07024670867780242,5,0.03731343283582089,0,5,54,0.07251743143877469,0.07845468752154645,0.040606459340845606,0.7852954183930996,0.038202544075760764,3,0.05555555555555555,0,3,14,0.057435493243915295,0.05867631093406885,0.029795668913002324,0.7813713264686148,0.030076538083249924,2,0.14285714285714285,0,2,80,0.15626000851431782,0.14092820316969457,0.10170195762577666,0.7244693352790305,0.09187651978418052,2,0.025,0,2,0.09613894870601081,0.1562188631169249,0.0072992700729927005,0.07432432432432433,0.0950831992672358,0.8961667479830436,0.0,0.1212033724594376,0.8727586686539428,0.0,0.0870794705848055,0.6620258442210442,0.047619047619047616,0.1408868277927463,0.6119755608238678,0.0,0.0787653054390603,0.4731807076994668,0.10714285714285714,0.06212152235368601,Brown (V),Dark (VI),0.10714285714285714,12.759715674781365,0.012511544984234044,True,0.42298604028357684,0.4021246099911966,True
pixel_g28,val,val:c827901ce6,False,134,20,/scratch/tbommawa/BRUISE_UNIFIED/DERM_PROBE_RESULTS/val_per_image__pixel_g28.csv,134,0.13853666998211905,0.1048025890504425,0.11134649154446132,0.8183439265593269,0.08089625136271215,14,0.1044776119402985,0,14,54,0.072658177349206,0.07060488961602425,0.052185504344483255,0.8732955839901613,0.03862520385759554,5,0.09259259259259259,0,5,14,0.05190889405718535,0.05049564377457675,0.02158018950546562,0.9975989243180946,0.026801256799428345,1,0.07142857142857142,0,1,80,0.18300465250933534,0.1540605180300687,0.18733085761554127,0.781251557793514,0.10942920842866585,9,0.1125,0,9,0.1135373431214363,0.16999954254792465,0.0,0.2405121894045944,0.0901376843778489,0.6068859249920434,0.25806451612903225,0.1153909964880572,0.8320377003124283,0.06521739130434782,0.0973846617235213,0.9085344431609025,0.0,0.1403021494554675,0.8569713187868808,0.14285714285714285,0.1085242910036707,0.94617377614063,0.03571428571428571,0.05016446507761861,Brown (V),Light (II-III),0.25806451612903225,7.430559424404954,0.11481059895416497,False,0.3392878511485866,0.4413754662591294,False
pixel_g20,val,val:c827901ce6,False,134,20,/scratch/tbommawa/BRUISE_UNIFIED/DERM_PROBE_RESULTS/val_per_image__pixel_g20.csv,134,0.14170876464960513,0.10848294671307335,0.11161830133622398,0.8182136402232669,0.08310891987968441,15,0.11194029850746269,0,15,54,0.07394634534184427,0.07167776352430795,0.05225919216177185,0.8700930290328804,0.0391810312549219,6,0.1111111111111111,0,6,14,0.053779386769354,0.0520105439499084,0.02179609660441592,0.999533505296087,0.027805075621120483,1,0.07142857142857142,0,1,80,0.18744839768234373,0.15426260714170215,0.1962250251414971,0.7831950527767777,0.11276024470139911,9,0.1125,0,9,0.11637952287135882,0.17325728122082834,0.0,0.2597536025618215,0.0953445158698272,0.6055884343315336,0.2903225806451613,0.1195008671599725,0.8331012781768633,0.06521739130434782,0.0987137845913992,0.9093505028728929,0.0,0.1431112029005461,0.856925575225287,0.14285714285714285,0.1115061942924976,0.9446388550927408,0.03571428571428571,0.0477666870307189,Brown (V),Light (II-III),0.2903225806451613,7.494283114333248,0.11196164768663333,False,0.33905042076120717,0.4506488589401336,False
pixel_g37,val,val:c827901ce6,False,134,20,/scratch/tbommawa/BRUISE_UNIFIED/DERM_PROBE_RESULTS/val_per_image__pixel_g37.csv,134,0.13884678295250857,0.09842074469124246,0.10571041465818003,0.7924986129308883,0.08315770644608919,15,0.11194029850746269,0,15,54,0.06508991853969576,0.06530604835565945,0.04645348263868278,0.8398196505180823,0.034419900636971555,5,0.09259259259259259,0,5,14,0.05199129835682929,0.051183725326422444,0.020272440771535602,0.9959936337193349,0.02685906041572759,1,0.07142857142857142,0,1,80,0.1886326664311572,0.1427649410188619,0.20859866510240602,0.7605569125595324,0.1160557253672436,10,0.125,0,10,0.11265435982116627,0.16886860056968936,0.0,0.2472569955817378,0.0477014511351778,0.5437293690148941,0.25806451612903225,0.1081376299199314,0.8062343234737632,0.08695652173913043,0.0950736389003591,0.9015438216544245,0.0,0.1386690348004662,0.8571428571428571,0.14285714285714285,0.102685266853178,0.9400001628121889,0.03571428571428571,0.0909675836652884,Brown (V),Light (II-III),0.25806451612903225,9.348314457757098,0.05295910947924671,False,0.3962707937972948,0.5215387957718901,False
pixel_g40,val,val:c827901ce6,False,134,20,/scratch/tbommawa/BRUISE_UNIFIED/DERM_PROBE_RESULTS/val_per_image__pixel_g40.csv,134,0.1472602767061329,0.0922863932202018,0.12399293858514995,0.6962836208957132,0.09528220381696216,22,0.16417910447761194,0,22,54,0.07068754859357176,0.0677785168578907,0.05488822864125079,0.7493061998727829,0.03809562168147389,8,0.14814814814814814,0,8,14,0.06000923951201455,0.0639508094548316,0.02854159899667806,0.9439727868334672,0.031216461604418936,1,0.07142857142857142,0,1,80,0.19894686818211169,0.1357808113129243,0.2611082997913681,0.6604933800861912,0.13388314675841678,14,0.175,0,14,0.11252834667514991,0.18699768118002394,0.025210084033613446,0.3311269028984261,0.0633679733441242,0.501556434565815,0.3870967741935484,0.0966771579243626,0.7183249581759384,0.10869565217391304,0.1058925186754376,0.8712826655937236,0.047619047619047616,0.1454120523032081,0.8562051141301862,0.14285714285714285,0.09585074390358764,0.69358699557188,0.07142857142857142,0.08204407895908392,Brown (V),Light (II-III),0.33947772657450076,5.482944299739509,0.24123276229743482,False,0.3697262310279086,0.5781690502338073,False
