train_masks,fold,split,eval_masks,stem,dice,iou,precision,recall,pred_positive_pixels,gt_positive_pixels,tp_pixels,fp_pixels,fn_pixels,complete_miss,pred_gt_ratio,subject,cut
mzehra2,4,cv_val,mzehra2,110_G_2-4_WL_Bruise_A244A_2026-03-06_DSC_3991,0.5715675375208449,0.40013620001945716,0.8871872303710094,0.4215867158671587,4636,9756,4113.0,523.0,5643.0,False,0.4751947519475195,110,2.875
mzehra2,4,cv_val,mzehra2,110_G_2-4_WL_Bruise_A244A_2026-03-06_DSC_3992,0.7841455044612217,0.6449336720293537,0.6655986018060006,0.954070981210856,3433,2395,2285.0,1148.0,110.0,False,1.4334029227557412,110,2.875
mzehra2,4,cv_val,mzehra2,110_G_2-4_WL_Bruise_A244A_2026-03-06_DSC_3993,0.7272727272727273,0.5714285714285714,0.6674834599362901,0.7988269794721408,4081,3410,2724.0,1357.0,686.0,False,1.196774193548387,110,2.875
mzehra2,4,cv_val,mzehra2,110_G_2-4_WL_Bruise_OC_A244A_2026-03-06_DSC_3995,0.7143981117230527,0.5556915544675642,0.8882959800782639,0.5974398851537265,5622,8359,4994.0,628.0,3365.0,False,0.6725684890537146,110,2.875
mzehra2,4,cv_val,mzehra2,110_G_2-4_WL_Bruise_OC_A244A_2026-03-06_DSC_3996,0.7380497131931166,0.5848484848484848,0.6080336046206354,0.9387920551276855,3809,2467,2316.0,1493.0,151.0,False,1.543980543169842,110,2.875
mzehra2,4,cv_val,mzehra2,137_E_2-3_WL_Bruise_A244B_2026-02-17_DSC_0142,0.6397861779305078,0.4703570626543903,0.5545406407201483,0.7560007218913554,7554,5541,4189.0,3365.0,1352.0,False,1.3632918245804007,137,2.875
mzehra2,4,cv_val,mzehra2,137_E_2-3_WL_Bruise_A244B_2026-02-17_DSC_0143,0.0,0.0,0.0,0.0,5772,4192,0.0,5772.0,4192.0,True,1.376908396946565,137,2.875
mzehra2,4,cv_val,mzehra2,137_E_2-3_WL_Bruise_A244B_2026-02-17_DSC_0144,0.0,0.0,0.0,0.0,2979,5482,0.0,2979.0,5482.0,True,0.5434148121123678,137,2.875
mzehra2,4,cv_val,mzehra2,137_E_2-3_WL_Bruise_OC_A244B_2026-02-17_DSC_0146,0.18088235294117647,0.09943411479385611,0.47464167585446526,0.1117311186088762,1814,7706,861.0,953.0,6845.0,False,0.23540098624448483,137,2.875
mzehra2,4,cv_val,mzehra2,137_E_2-3_WL_Bruise_OC_A244B_2026-02-17_DSC_0147,0.0,0.0,0.0,0.0,1379,5588,0.0,1379.0,5588.0,True,0.24677881173944166,137,2.875
mzehra2,4,cv_val,mzehra2,137_F_2-3_WL_Bruise_A244B_2026-02-25_DSC_0461,0.8711328733585577,0.7716876971608833,0.8594642072902943,0.8831227436823105,4554,4432,3914.0,640.0,518.0,False,1.0275270758122743,137,2.875
mzehra2,4,cv_val,mzehra2,137_F_2-3_WL_Bruise_A244B_2026-02-25_DSC_0462,0.8579718555055854,0.751270325203252,0.9031765424557117,0.8170765404807958,3274,3619,2957.0,317.0,662.0,False,0.9046697982868196,137,2.875
mzehra2,4,cv_val,mzehra2,137_F_2-3_WL_Bruise_A244B_2026-02-25_DSC_0463,0.8851755673478604,0.794004456147458,0.9188935771214253,0.8538444783271618,4266,4591,3920.0,346.0,671.0,False,0.9292093225876715,137,2.875
mzehra2,4,cv_val,mzehra2,137_F_2-3_WL_Bruise_OC_A244B_2026-02-25_DSC_0465,0.8851395197923426,0.7939464493597206,0.8608937137086594,0.9107905982905983,3961,3744,3410.0,551.0,334.0,False,1.0579594017094016,137,2.875
mzehra2,4,cv_val,mzehra2,137_F_2-3_WL_Bruise_OC_A244B_2026-02-25_DSC_0466,0.9071090047393365,0.8300086730268864,0.846340924165377,0.9772785294868522,4523,3917,3828.0,695.0,89.0,False,1.154710237426602,137,2.875
mzehra2,4,cv_val,mzehra2,137_G_2-3_WL_Bruise_A244B_2026-02-25_DSC_0480,0.2031858407079646,0.11308116627265563,0.14920717442162723,0.31835829173599556,7694,3606,1148.0,6546.0,2458.0,False,2.1336661120354963,137,2.875
mzehra2,4,cv_val,mzehra2,137_G_2-3_WL_Bruise_A244B_2026-02-25_DSC_0481,0.004835088931099983,0.0024234031504240957,0.005211241392145915,0.004509582863585118,5373,6209,28.000000000000004,5345.0,6181.0,False,0.8653567402158158,137,2.875
mzehra2,4,cv_val,mzehra2,137_G_2-3_WL_Bruise_A244B_2026-02-25_DSC_0482,0.0,0.0,0.0,0.0,4737,4650,0.0,4737.0,4650.0,True,1.018709677419355,137,2.875
mzehra2,4,cv_val,mzehra2,137_G_2-3_WL_Bruise_OC_A244B_2026-02-25_DSC_0484,0.34899912967798086,0.2113863995782815,0.7767554479418887,0.22505963238389223,2065,7127,1604.0,461.0,5523.0,False,0.2897432299705346,137,2.875
mzehra2,4,cv_val,mzehra2,137_G_2-3_WL_Bruise_OC_A244B_2026-02-25_DSC_0485,0.48029465930018417,0.31604459524963646,0.9049271339347675,0.3268989721734771,1441,3989,1304.0,137.0,2685.0,False,0.36124341940335924,137,2.875
mzehra2,4,cv_val,mzehra2,137_I_2-4_WL_Bruise_A244A_2026-03-03_DSC_7390,0.6535120643431636,0.4853456514813635,0.4970636215334421,0.9536776212832551,6130,3195,3047.0,3083.0,148.0,False,1.918622848200313,137,2.875
mzehra2,4,cv_val,mzehra2,137_I_2-4_WL_Bruise_A244A_2026-03-03_DSC_7391,0.5809118391017336,0.409355708199287,0.5994397759103641,0.5634949132256134,7854,8355,4708.0,3146.0,3647.0,False,0.940035906642729,137,2.875
mzehra2,4,cv_val,mzehra2,137_I_2-4_WL_Bruise_OC_A244A_2026-03-03_DSC_7394,0.424483068624513,0.26942463147883977,0.3726160726029199,0.49312445604873806,7603,5745,2833.0,4770.0,2912.0,False,1.3234116623150565,137,2.875
mzehra2,4,cv_val,mzehra2,189_A_2-4_WL_Bruise_A244A_2026-03-05_DSC_9791,0.7621642662514597,0.6157232704402515,0.7901533494753834,0.7360902255639098,2478,2660,1958.0,520.0,702.0,False,0.9315789473684211,189,2.875
mzehra2,4,cv_val,mzehra2,189_A_2-4_WL_Bruise_A244A_2026-03-05_DSC_9792,0.855530002090738,0.7475337961271465,0.7747065505490345,0.9551820728291317,2641,2142,2046.0,595.0,96.0,False,1.2329598506069095,189,2.875
mzehra2,4,cv_val,mzehra2,189_A_2-4_WL_Bruise_A244A_2026-03-05_DSC_9793,0.6262626262626263,0.45588235294117646,0.8566838046272494,0.49352091817845245,1556,2701,1333.0,223.0,1368.0,False,0.5760829322473158,189,2.875
mzehra2,4,cv_val,mzehra2,189_A_2-4_WL_Bruise_OC_A244A_2026-03-05_DSC_9795,0.8435910060725422,0.7294919103037184,0.754994124559342,0.9557456303458535,3404,2689,2570.0,834.0,119.0,False,1.2658981033841576,189,2.875
mzehra2,4,cv_val,mzehra2,189_A_2-4_WL_Bruise_OC_A244A_2026-03-05_DSC_9796,0.7646497423172361,0.6189740420271941,0.7621765601217656,0.7671390271926465,2628,2611,2003.0,625.0,608.0,False,1.0065109153581004,189,2.875
mzehra2,4,cv_val,mzehra2,224_C_2-4_WL_Bruise_OC_A244A_2026-03-08_DSC_4499,0.3995848469122989,0.2496757457846952,0.9875412238915353,0.2504646840148699,5458,21520,5390.0,68.0,16130.0,False,0.2536245353159851,224,2.875
mzehra2,4,cv_val,mzehra2,224_E_2-4_WL_Bruise_A244A_2026-03-08_DSC_4536,0.9338317757009346,0.8758765778401122,0.9203448529953577,0.9477198573488125,13571,13179,12490.0,1081.0,689.0,False,1.0297442901585856,224,2.875
mzehra2,4,cv_val,mzehra2,224_E_2-4_WL_Bruise_A244A_2026-03-08_DSC_4537,0.8804838709677419,0.7864860971041636,0.8085011848341233,0.9665368271954674,13504,11296,10918.0,2586.0,378.0,False,1.1954674220963173,224,2.875
mzehra2,4,cv_val,mzehra2,224_E_2-4_WL_Bruise_A244A_2026-03-08_DSC_4538,0.8850974011696935,0.7938786779206437,0.864010989010989,0.9072387992427657,11648,11093,10064.0,1584.0,1029.0,False,1.050031551428829,224,2.875
mzehra2,4,cv_val,mzehra2,224_E_2-4_WL_Bruise_OC_A244A_2026-03-08_DSC_4542,0.883383754780524,0.7911256517738473,0.8035306334371755,0.9808594245151476,9630,7889,7738.0,1892.0,151.0,False,1.220687032577006,224,2.875
mzehra2,4,cv_val,mzehra2,266_A_2-5_WL_Bruise_A244A_2026-04-02_DSC_8376,0.8645788149561898,0.761460880195599,0.7701700154559505,0.9853668182717026,6470,5057,4983.0,1487.0,74.0,False,1.2794146727308682,266,2.875
mzehra2,4,cv_val,mzehra2,266_A_2-5_WL_Bruise_A244A_2026-04-02_DSC_8377,0.9070601663133866,0.8299268984036998,0.8400785261250378,0.985648476257973,6622,5644,5563.0,1059.0,81.0,False,1.173281360737066,266,2.875
mzehra2,4,cv_val,mzehra2,266_A_2-5_WL_Bruise_A244A_2026-04-02_DSC_8378,0.8624131944444444,0.7581075925219382,0.7734527053328143,0.9744973025993134,5138,4078,3974.0,1164.0,104.0,False,1.2599313388916136,266,2.875
mzehra2,4,cv_val,mzehra2,266_A_2-5_WL_Bruise_OC_A244A_2026-04-02_DSC_8380,0.7478434996919285,0.5972444335096568,0.7285414165666266,0.7681962025316456,6664,6320,4855.0,1809.0,1465.0,False,1.0544303797468355,266,2.875
mzehra2,4,cv_val,mzehra2,266_A_2-5_WL_Bruise_OC_A244A_2026-04-02_DSC_8381,0.8181965093729799,0.6923287296595104,0.782051282051282,0.8578447983734327,6474,5902,5063.0,1411.0,839.0,False,1.0969162995594715,266,2.875
mzehra2,4,cv_val,mzehra2,266_C_2-6_WL_Bruise_A244A_2026-05-29_DSC_4298,0.789225798917909,0.6518356587153604,0.8148862631621252,0.7651320754716981,12441,13250,10138.0,2303.0,3112.0,False,0.9389433962264151,266,2.875
mzehra2,4,cv_val,mzehra2,266_C_2-6_WL_Bruise_A244A_2026-05-29_DSC_4299,0.7397248888334788,0.5869550880432632,0.6746513038204973,0.8186919326648883,13192,10871,8900.0,4292.0,1971.0,False,1.2135038174960906,266,2.875
mzehra2,4,cv_val,mzehra2,266_C_2-6_WL_Bruise_OC_A244A_2026-05-29_DSC_4303,0.7825540275049115,0.6427833720630003,0.8618660204258266,0.7166090961427749,11554,13896,9958.0,1596.0,3938.0,False,0.8314622913068509,266,2.875
mzehra2,4,cv_val,mzehra2,269_A_2-6_WL_Bruise_A244A_2026-03-09_DSC_9352,0.9121191604603927,0.838436644261887,0.9270575282135975,0.8976545842217484,3633,3752,3368.0,265.0,384.0,False,0.9682835820895522,269,2.875
mzehra2,4,cv_val,mzehra2,269_A_2-6_WL_Bruise_A244A_2026-03-09_DSC_9353,0.8442593263310395,0.7304920087746788,0.766020374630299,0.9402985074626866,3043,2479,2331.0,712.0,148.0,False,1.2275110931827349,269,2.875
mzehra2,4,cv_val,mzehra2,269_A_2-6_WL_Bruise_A244A_2026-03-09_DSC_9354,0.8787526953060208,0.7837278106508876,0.8211407315561067,0.9450588655012486,3226,2803,2649.0,577.0,154.0,False,1.150909739564752,269,2.875
mzehra2,4,cv_val,mzehra2,269_A_2-6_WL_Bruise_OC_A244A_2026-03-09_DSC_9356,0.8809736889207088,0.7872680742162508,0.836505778382053,0.9304347826086956,2942,2645,2461.0,481.0,184.0,False,1.1122873345935729,269,2.875
mzehra2,4,cv_val,mzehra2,269_A_2-6_WL_Bruise_OC_A244A_2026-03-09_DSC_9357,0.8625813992319252,0.7583675866118614,0.8552980132450331,0.86998989558774,3020,2969,2583.0,437.0,386.0,False,1.0171775008420343,269,2.875
mzehra2,4,cv_val,mzehra2,269_B_2-6_WL_Bruise_A244A_2026-03-26_DSC_9370,0.8072315399695056,0.6767713659605552,0.708604206500956,0.937753036437247,2615,1976,1853.0,762.0,123.0,False,1.3233805668016194,269,2.875
mzehra2,4,cv_val,mzehra2,269_B_2-6_WL_Bruise_A244A_2026-03-26_DSC_9371,0.806482982171799,0.6757197175448126,0.7893401015228426,0.8243870112657389,1576,1509,1244.0,332.0,265.0,False,1.0444002650762094,269,2.875
mzehra2,4,cv_val,mzehra2,269_B_2-6_WL_Bruise_A244A_2026-03-26_DSC_9380,0.7861811391223156,0.6476923076923077,0.66174159069475,0.968261269549218,3181,2174,2105.0,1076.0,69.0,False,1.4632014719411224,269,2.875
mzehra2,4,cv_val,mzehra2,269_B_2-6_WL_Bruise_A244A_2026-03-26_DSC_9382,0.7844857844857844,0.6453941669073058,0.650087260034904,0.9889380530973452,3438,2260,2235.0,1203.0,25.0,False,1.5212389380530973,269,2.875
mzehra2,4,cv_val,mzehra2,269_B_2-6_WL_Bruise_OC_A244A_2026-03-26_DSC_9375,0.8089338684348282,0.6791678874890126,0.6791678874890126,1.0,3413,2318,2318.0,1095.0,0.0,False,1.4723899913718723,269,2.875
mzehra2,4,cv_val,mzehra2,269_B_2-6_WL_Bruise_OC_A244A_2026-03-26_DSC_9385,0.7328967535181831,0.5784033428634264,0.5803177405119153,0.994328922495274,4532,2645,2630.0,1902.0,15.0,False,1.713421550094518,269,2.875
mzehra2,4,cv_val,mzehra2,269_C_2-6_WL_Bruise_A244A_2026-03-26_DSC_9400,0.6798889329631099,0.5150240384615384,0.9669048514479127,0.5242659053833605,2659,4904,2571.0,88.0,2333.0,False,0.54221044045677,269,2.875
mzehra2,4,cv_val,mzehra2,269_C_2-6_WL_Bruise_A244A_2026-03-26_DSC_9401,0.8027047332832457,0.6704317269076305,0.8694661458333334,0.7454646943901758,3072,3583,2671.0,401.0,912.0,False,0.8573820820541446,269,2.875
mzehra2,4,cv_val,mzehra2,269_C_2-6_WL_Bruise_A244A_2026-03-26_DSC_9402,0.6461659251504842,0.477285907597139,0.8884490824037423,0.5077112893275756,2779,4863,2469.0,310.0,2394.0,False,0.5714579477688669,269,2.875
mzehra2,4,cv_val,mzehra2,269_C_2-6_WL_Bruise_OC_A244A_2026-03-26_DSC_9404,0.7717151113377528,0.6282867423194022,0.9284253578732107,0.6602675974403723,2445,3438,2270.0,175.0,1168.0,False,0.7111692844677138,269,2.875
mzehra2,4,cv_val,mzehra2,276_A_2-6_WL_Bruise_A244A_2026-04-04_DSC_0338,0.37918104094795263,0.2339441051267814,0.2339441051267814,1.0,5403,1264,1264.0,4139.0,0.0,False,4.274525316455696,276,2.875
mzehra2,4,cv_val,mzehra2,276_A_2-6_WL_Bruise_A244A_2026-04-04_DSC_0339,0.36584964632340844,0.22387759210791222,0.2241483571860512,0.9946332737030411,4961,1118,1112.0,3849.0,6.0,False,4.437388193202147,276,2.875
mzehra2,4,cv_val,mzehra2,276_A_2-6_WL_Bruise_A244A_2026-04-04_DSC_0340,0.22242628303234363,0.12512914705544714,0.12512914705544714,1.0,8711,1090,1090.0,7621.0,0.0,False,7.991743119266055,276,2.875
mzehra2,4,cv_val,mzehra2,276_A_2-6_WL_Bruise_OC_A244A_2026-04-04_DSC_0342,0.4031155619138452,0.25243878160461874,0.25243878160461874,1.0,5023,1268,1268.0,3755.0,0.0,False,3.9613564668769716,276,2.875
mzehra2,4,cv_val,mzehra2,276_A_2-6_WL_Bruise_OC_A244A_2026-04-04_DSC_0343,0.36788227767114523,0.2254018032144257,0.22588882341386762,0.9905254091300603,5091,1161,1150.0,3941.0,11.0,False,4.385012919896641,276,2.875
mzehra2,4,cv_val,mzehra2,283_A_2-6_WL_Bruise_A244A_2026-04-06_DSC_1464,0.30330291736280685,0.1787607938191183,0.18524332810047095,0.8362863217576187,6370,1411,1180.0,5190.0,231.0,False,4.514528703047484,283,2.875
mzehra2,4,cv_val,mzehra2,283_A_2-6_WL_Bruise_A244A_2026-04-06_DSC_1465,0.0,0.0,0.0,0.0,4924,551,0.0,4924.0,551.0,True,8.936479128856623,283,2.875
mzehra2,4,cv_val,mzehra2,283_A_2-6_WL_Bruise_OC_A244A_2026-04-06_DSC_1467,0.2876156468105827,0.16796208530805687,0.16796208530805687,1.0,5275,886,886.0,4389.0,0.0,False,5.95372460496614,283,2.875
mzehra2,4,cv_val,mzehra2,283_A_2-6_WL_Bruise_OC_A244A_2026-04-06_DSC_1468,0.3979183346677342,0.248375812093953,0.2487072560467056,0.9946631087391594,5995,1499,1491.0,4504.0,8.0,False,3.999332888592395,283,2.875
mzehra2,4,cv_val,mzehra2,284_A_2-6_WL_Bruise_A244A_2026-04-06_DSC_1505,0.8955414012738854,0.8108419838523645,0.8521212121212122,0.9436241610738255,4125,3725,3515.0,610.0,210.0,False,1.1073825503355705,284,2.875
mzehra2,4,cv_val,mzehra2,52_J_2-4_WL_Bruise_A244A_2026-03-08_DSC_4692,0.28049678012879486,0.1631266384891124,0.7672370407649723,0.1716199482156929,3974,17766,3049.0,925.0,14717.0,False,0.22368569177079817,52,2.875
mzehra2,4,cv_val,mzehra2,52_J_2-4_WL_Bruise_A244A_2026-03-08_DSC_4693,0.21512717536813922,0.12052801320033,0.8471270426989984,0.123207850954535,1897,13043,1607.0,290.0,11436.0,False,0.14544199953998313,52,2.875
mzehra2,4,cv_val,mzehra2,52_J_2-4_WL_Bruise_A244A_2026-03-08_DSC_4694,0.2441200324412003,0.13903002309468823,0.7513729405891163,0.14573448242471193,2003,10327,1505.0,498.0,8822.0,False,0.19395758690810497,52,2.875
mzehra2,4,cv_val,mzehra2,52_J_2-4_WL_Bruise_OC_A244A_2026-03-08_DSC_4696,0.2201265094882116,0.12367536831222538,0.7456174522789248,0.12912365917830398,2567,14823,1914.0,653.0,12909.0,False,0.1731768198070566,52,2.875
mzehra2,4,cv_val,mzehra2,52_J_2-4_WL_Bruise_OC_A244A_2026-03-08_DSC_4697,0.2260343087790111,0.12741751990898748,0.7253886010362695,0.13387520918001433,2316,12549,1680.0,636.0,10869.0,False,0.1845565383695912,52,2.875
mzehra2,4,cv_val,mzehra2,52_K_2-4_WL_Bruise_A244A_2026-03-08_DSC_4711,0.5658888888888889,0.3945920818160688,0.8717904827114002,0.41890113505510773,5842,12158,5093.0,749.0,7065.0,False,0.48050666227998023,52,2.875
mzehra2,4,test,hliu36,170_F_2-4_WL_Bruise_A244A_2026-03-05_DSC_1856,0.7929489094711683,0.656930693069307,0.7345018450184502,0.8615018394286951,5420,4621,3981.0,1439.0,640.0,False,1.1729062973382385,170,2.875
mzehra2,4,test,hliu36,170_F_2-4_WL_Bruise_OC_A244A_2026-03-05_DSC_1860,0.5960110902423754,0.42451267677411136,0.544355497467734,0.658498023715415,6121,5060,3332.0,2789.0,1728.0,False,1.2096837944664032,170,2.875
mzehra2,4,test,hliu36,182_Q_2-6_WL_Bruise_A244A_2026-04-06_DSC_2484,0.4591439688715953,0.29797979797979796,0.4112121212121212,0.5197242435848334,3300,2611,1357.0,1943.0,1254.0,False,1.2638835695135964,182,2.875
mzehra2,4,test,hliu36,182_Q_2-6_WL_Bruise_A244A_2026-04-06_DSC_2485,0.3067001074883554,0.181125687685146,0.2203913491246138,0.5041224970553593,3884,1698,856.0,3028.0,842.0,False,2.287396937573616,182,2.875
mzehra2,4,test,hliu36,182_Q_2-6_WL_Bruise_A244A_2026-04-06_DSC_2486,0.35959221501390176,0.2192090395480226,0.304552590266876,0.43891402714932126,5733,3978,1746.0,3987.0,2232.0,False,1.4411764705882353,182,2.875
mzehra2,4,test,hliu36,182_Q_2-6_WL_Bruise_OC_A244A_2026-04-06_DSC_2488,0.5483327719770966,0.3777262180974478,0.40875765792909513,0.8326513911620295,9957,4888,4069.9999999999995,5887.0,818.0000000000005,False,2.0370294599018,182,2.875
mzehra2,4,test,hliu36,20_D_2-6_WL_Bruise_A244A_2026-04-04_DSC_0400,0.956892759743116,0.9173484017879734,0.981147393108425,0.9338083791208791,11086,11648,10877.0,209.0,771.0,False,0.9517513736263736,20,2.875
mzehra2,4,test,hliu36,20_D_2-6_WL_Bruise_OC_A244A_2026-04-04_DSC_0403,0.9224276441226248,0.856023856858847,0.987116001834021,0.8656962483413084,21810,24869,21529.0,281.0,3340.0,False,0.876995456190438,20,2.875
mzehra2,4,test,hliu36,20_D_2-6_WL_Bruise_OC_A244A_2026-04-04_DSC_0404,0.9057275134949356,0.8276983335180874,0.9916769966353817,0.8334883720930233,22588,26875,22400.0,188.0,4475.0,False,0.8404837209302326,20,2.875
mzehra2,4,test,hliu36,226_A_2-4_WL_Bruise_A244A_2026-03-06_DSC_3569,0.5594954783436459,0.38840244506856103,0.38840244506856103,1.0,6053,2351,2351.0,3702.0,0.0,False,2.5746490854955337,226,2.875
mzehra2,4,test,hliu36,226_A_2-4_WL_Bruise_A244A_2026-03-06_DSC_3570,0.6914121353239282,0.5283650826878794,0.5600177501664078,0.9033643521832498,4507,2794,2524.0,1983.0,270.0,False,1.6130994989262706,226,2.875
mzehra2,4,test,hliu36,226_A_2-4_WL_Bruise_A244A_2026-03-06_DSC_3571,0.2030689634899171,0.11300876848580028,0.11346911957950066,0.9653437674678591,15220,1789,1727.0,13493.0,62.0,False,8.507546115148127,226,2.875
mzehra2,4,test,hliu36,226_A_2-4_WL_Bruise_OC_A244A_2026-03-06_DSC_3573,0.7532703017743816,0.60419696654893,0.6043225270157938,0.9996562392574768,4812,2909,2908.0,1904.0,1.0,False,1.6541766930216568,226,2.875
mzehra2,4,test,hliu36,226_A_2-4_WL_Bruise_OC_A244A_2026-03-06_DSC_3574,0.8056713928273561,0.6745810055865922,0.6905637254901961,0.9668287103231341,4896,3497,3381.0,1515.0,116.0,False,1.4000571918787532,226,2.875
mzehra2,4,test,hliu36,226_C_2-4_WL_Bruise_A244A_2026-03-06_DSC_3610,0.7783463506598438,0.6371252204585538,0.6504613999549854,0.96882333221589,4443,2983,2890.0,1553.0,93.0,False,1.4894401609118337,226,2.875
mzehra2,4,test,hliu36,226_C_2-4_WL_Bruise_A244A_2026-03-06_DSC_3611,0.7328222600795002,0.5783105534393905,0.5818304779080252,0.9896472392638037,4436,2608,2581.0,1855.0,27.0,False,1.700920245398773,226,2.875
mzehra2,4,test,hliu36,226_C_2-4_WL_Bruise_A244A_2026-03-06_DSC_3612,0.7605057642246188,0.6135613561356136,0.6758096497025776,0.8694727891156463,3026,2352,2045.0,981.0,307.0,False,1.28656462585034,226,2.875
mzehra2,4,test,hliu36,226_C_2-4_WL_Bruise_OC_A244A_2026-03-06_DSC_3614,0.8931974296476844,0.807007007007007,0.84702668627863,0.9446918209514882,4759,4267,4031.0,728.0,236.0,False,1.1153034919146942,226,2.875
mzehra2,4,test,hliu36,226_C_2-4_WL_Bruise_OC_A244A_2026-03-06_DSC_3615,0.7868594781515247,0.6486136304742162,0.6810884353741496,0.9315221436546334,3675,2687,2503.0,1172.0,184.0,False,1.3676963155935988,226,2.875
mzehra2,4,test,hliu36,228_B_2-4_WL_Bruise_A244A_2026-03-06_DSC_3718,0.8870688297369664,0.7970563260684971,0.8789013732833958,0.8953895071542131,3204,3145,2816.0,388.0,329.0,False,1.0187599364069952,228,2.875
mzehra2,4,test,hliu36,228_B_2-4_WL_Bruise_A244A_2026-03-06_DSC_3719,0.9217628971643321,0.8548795944233206,0.985390796201607,0.8658536585365854,2738,3116,2698.0,40.0,418.0,False,0.8786906290115533,228,2.875
mzehra2,4,test,hliu36,228_B_2-4_WL_Bruise_A244A_2026-03-06_DSC_3720,0.8609635464370764,0.7558700546799614,0.9923986486486487,0.7602717567130378,2368,3091,2350.0,18.0,741.0,False,0.7660951148495633,228,2.875
mzehra2,4,test,hliu36,228_B_2-4_WL_Bruise_A244A_2026-03-06_DSC_3721,0.876070816676185,0.7794715447154471,0.9229843561973526,0.8336956521739131,3324,3680,3068.0,256.0,612.0,False,0.9032608695652173,228,2.875
mzehra2,4,test,hliu36,228_B_2-4_WL_Bruise_OC_A244A_2026-03-06_DSC_3723,0.8431952662721893,0.7289002557544757,0.9997076878105817,0.729055638456619,3421,4691,3420.0,1.0,1271.0,False,0.7292688126199105,228,2.875
mzehra2,4,test,hliu36,228_B_2-4_WL_Bruise_OC_A244A_2026-03-06_DSC_3724,0.9429195258889582,0.8920035408675125,0.9710889816896884,0.9163382843285844,3113,3299,3023.0,90.0,276.0,False,0.9436192785692634,228,2.875
mzehra2,4,test,hliu36,232_A_2-4_WL_Bruise_A244A_2026-03-06_DSC_3868,0.27218455934432867,0.1575310377137503,0.2732629012596505,0.27111469461802057,9844,9922,2690.0000000000005,7154.0,7232.0,False,0.9921386817173957,232,2.875
mzehra2,4,test,hliu36,232_A_2-4_WL_Bruise_A244A_2026-03-06_DSC_3869,0.5764995188709505,0.4049872314856542,0.7892271662763466,0.4541013980124642,6832,11874,5392.0,1440.0,6482.0,False,0.5753747684015496,232,2.875
mzehra2,4,test,hliu36,232_A_2-4_WL_Bruise_A244A_2026-03-06_DSC_3870,0.0,0.0,0.0,0.0,4071,7123,0.0,4071.0,7123.0,True,0.5715288502035659,232,2.875
mzehra2,4,test,hliu36,232_A_2-4_WL_Bruise_OC_A244A_2026-03-06_DSC_3876,0.5901230721296152,0.4185635359116022,1.0,0.4185635359116022,3788,9050,3788.0,0.0,5262.0,False,0.4185635359116022,232,2.875
mzehra2,4,test,hliu36,232_A_2-4_WL_Bruise_OC_A244A_2026-03-06_DSC_3877,0.6958208208208209,0.5335316127794301,0.8259319768305362,0.6011242027888877,6733,9251,5561.0,1172.0,3690.0,False,0.7278132093827694,232,2.875
mzehra2,4,test,hliu36,233_B_2-4_WL_Bruise_A244A_2026-03-06_DSC_4197,0.5760258279525099,0.4045198566517955,0.8344900422450211,0.4398059796437659,6628,12576,5531.0,1097.0,7045.0,False,0.5270356234096693,233,2.875
mzehra2,4,test,hliu36,233_B_2-4_WL_Bruise_A244A_2026-03-06_DSC_4199,0.38312552363116653,0.2369544013655206,1.0,0.2369544013655206,3887,16404,3887.0,0.0,12517.0,False,0.2369544013655206,233,2.875
mzehra2,4,test,hliu36,233_B_2-4_WL_Bruise_OC_A244A_2026-03-06_DSC_4201,0.4175289575289575,0.26384619138242327,1.0,0.26384619138242327,5407,20493,5407.0,0.0,15086.0,False,0.26384619138242327,233,2.875
mzehra2,4,test,hliu36,235_A_2-4_WL_Bruise_A244A_2026-03-08_DSC_4349,0.8337130626898647,0.7148438656208377,0.9908915603331555,0.7195721479009624,24373,33563,24151.0,222.0,9412.0,False,0.7261865745016834,235,2.875
mzehra2,4,test,hliu36,235_A_2-4_WL_Bruise_A244A_2026-03-08_DSC_4350,0.7741553947782321,0.6315281655444244,0.9921628071986067,0.6346943407126204,31006,48469,30763.0,243.0,17706.0,False,0.6397078545049413,235,2.875
mzehra2,4,test,hliu36,235_A_2-4_WL_Bruise_A244A_2026-03-08_DSC_4351,0.757471544895831,0.6096210849612513,0.9680163320857434,0.6221525677005504,17634,27437,17070.0,564.0,10367.0,False,0.6427087509567373,235,2.875
mzehra2,4,test,hliu36,235_A_2-4_WL_Bruise_OC_A244A_2026-03-08_DSC_4353,0.6993301110828457,0.5376691788145096,0.9823708785972937,0.542907549306159,20988,37977,20618.0,370.0,17359.0,False,0.5526502883324117,235,2.875
mzehra2,4,test,hliu36,235_A_2-4_WL_Bruise_OC_A244A_2026-03-08_DSC_4354,0.7714912795081006,0.6279900717344462,0.9645176155167358,0.6428411882957338,23871,35816,23024.0,847.0,12792.0,False,0.6664898369443824,235,2.875
mzehra2,4,test,hliu36,236_C_2-4_WL_Bruise_A244A_2026-03-08_DSC_4462,0.1786300062624877,0.09807453009365381,0.6509454466420344,0.10351859532697359,4601,28932,2995.0,1606.0,25937.0,False,0.1590280658094843,236,2.875
mzehra2,4,test,hliu36,236_C_2-4_WL_Bruise_A244A_2026-03-08_DSC_4463,0.18161261529306755,0.09987564631193141,0.5920465567410281,0.10725707257072571,5155,28455,3052.0,2103.0,25403.0,False,0.18116324020383062,236,2.875
mzehra2,4,test,hliu36,236_C_2-4_WL_Bruise_A244A_2026-03-08_DSC_4464,0.019513224164754896,0.009852741458738316,0.14346645986816595,0.010468537799909462,2579,35344,369.99999999999994,2209.0,34974.0,False,0.07296853779990946,236,2.875
mzehra2,4,test,hliu36,236_C_2-4_WL_Bruise_OC_A244A_2026-03-08_DSC_4467,0.0517039795609059,0.026538051209103842,0.46332945285215366,0.027379669334311723,2577,43609,1194.0,1383.0,42415.0,False,0.05909330642757229,236,2.875
mzehra2,4,test,hliu36,236_C_2-4_WL_Bruise_OC_A244A_2026-03-08_DSC_4468,0.05862678278429888,0.030198615219581965,0.5709895513214506,0.03089971727922834,1627,30065,929.0,698.0,29136.0,False,0.054116081822717446,236,2.875
mzehra2,4,test,hliu36,236_E_2-4_WL_Bruise_OC_A244A_2026-02-26_DSC_5722,0.5089724362620882,0.3413568257491676,0.8844356578001438,0.3572932549190445,5564,13773,4921.0,643.0,8852.0,False,0.4039787990996878,236,2.875
mzehra2,4,test,hliu36,237_AC_2-5_WL_Bruise_A244A_2026-02-16_DSC_7084,0.504940014114326,0.33773896624970495,0.9682002706359946,0.34152744630071596,13302,37710,12878.999999999998,423.0000000000018,24831.0,False,0.35274463007159906,237,2.875
mzehra2,4,test,hliu36,237_AC_2-5_WL_Bruise_A244A_2026-02-16_DSC_7085,0.57169416686033,0.4002603319232021,0.9948773254246428,0.40108695652173915,11127,27600,11070.0,57.0,16530.0,False,0.4031521739130435,237,2.875
mzehra2,4,test,hliu36,237_AC_2-5_WL_Bruise_A244A_2026-02-16_DSC_7086,0.6119797225186766,0.4409011398804375,1.0,0.4409011398804375,22937,52023,22937.0,0.0,29086.0,False,0.4409011398804375,237,2.875
mzehra2,4,test,hliu36,237_AC_2-5_WL_Bruise_OC_A244A_2026-02-16_DSC_7088,0.7509249428948299,0.601184803605924,0.9989728225979029,0.6015566609108013,23365,38801,23341.0,24.0,15460.0,False,0.60217520167006,237,2.875
mzehra2,4,test,hliu36,237_AC_2-5_WL_Bruise_OC_A244A_2026-02-16_DSC_7089,0.7905029718156835,0.6535799207397622,0.9868751745322536,0.6593107859598625,25067,37521,24738.0,329.0,12783.0,False,0.6680792089763066,237,2.875
mzehra2,4,test,hliu36,237_AD_2-5_WL_Bruise_A244A_2026-02-16_DSC_7116,0.6456159910806721,0.4766860704415829,0.9789880449221109,0.48161349729697617,8281,16833,8107.0,174.0,8726.0,False,0.4919503356502109,237,2.875
mzehra2,4,test,hliu36,237_AD_2-5_WL_Bruise_A244A_2026-02-16_DSC_7117,0.831941287619465,0.7122426970506869,0.8392265193370165,0.8247814519194223,18100,18417,15190.0,2910.0,3227.0,False,0.9827876418526361,237,2.875
mzehra2,4,test,hliu36,237_AD_2-5_WL_Bruise_A244A_2026-02-16_DSC_7118,0.8031397405660378,0.6710388570724798,0.968536130121767,0.6859930752282027,11251,15885,10897.0,354.0,4988.0,False,0.7082782499213094,237,2.875
mzehra2,4,test,hliu36,237_AD_2-5_WL_Bruise_OC_A244A_2026-02-16_DSC_7120,0.8356764652181852,0.7177356123569076,0.9590696374938884,0.7404152062550553,14317,18545,13731.0,586.0,4814.0,False,0.7720140199514693,237,2.875
mzehra2,4,test,hliu36,237_AD_2-5_WL_Bruise_OC_A244A_2026-02-16_DSC_7121,0.7648265572547557,0.6192057979767477,0.9458752979165065,0.641951474041221,13007,19165,12303.0,704.0,6862.0,False,0.6786851030524393,237,2.875
mzehra2,4,test,hliu36,237_AE_2-5_WL_Bruise_A244A_2026-02-16_DSC_7217,0.757323350491343,0.6094291308932068,0.9420256111757858,0.6331768388106416,4295,6390,4046.0,249.0,2344.0,False,0.6721439749608764,237,2.875
mzehra2,4,test,hliu36,237_AE_2-5_WL_Bruise_A244A_2026-02-16_DSC_7218,0.6907894736842105,0.5276381909547738,1.0,0.5276381909547738,3255,6169,3255.0,0.0,2914.0,False,0.5276381909547738,237,2.875
mzehra2,4,test,hliu36,237_AE_2-5_WL_Bruise_A244A_2026-02-16_DSC_7219,0.48144418872266975,0.31704082599223266,1.0,0.31704082599223266,3347,10557,3347.0,0.0,7210.0,False,0.31704082599223266,237,2.875
mzehra2,4,test,hliu36,237_AE_2-5_WL_Bruise_OC_A244A_2026-02-16_DSC_7221,0.5058068459657702,0.338515033749233,0.8116723884256989,0.36736958934517205,4078,9010,3310.0,768.0,5700.0,False,0.45260821309655935,237,2.875
mzehra2,4,test,hliu36,237_AE_2-5_WL_Bruise_OC_A244A_2026-02-16_DSC_7222,0.28965019834114675,0.16935143796913216,0.3334440385254068,0.2560244804284075,6022,7843,2007.9999999999998,4014.0,5835.0,False,0.7678184368226444,237,2.875
mzehra2,4,test,hliu36,237_B_2-4_WL_Bruise_A244A_2026-03-08_DSC_4584,0.8348096414274764,0.716457731808048,0.9622048790065283,0.7372043172501974,20373,26591,19603.0,770.0,6988.0,False,0.7661614832086044,237,2.875
mzehra2,4,test,hliu36,237_B_2-4_WL_Bruise_A244A_2026-03-08_DSC_4587,0.811746089392721,0.6831419464698948,0.9587009803921569,0.7038553241261415,16320,22229,15646.0,674.0,6583.0,False,0.7341760762967295,237,2.875
mzehra2,4,test,hliu36,237_B_2-4_WL_Bruise_A244A_2026-03-08_DSC_4588,0.7592067988668555,0.6118721461187214,0.9142889365061464,0.6491052484086632,17734,24979,16214.0,1520.0,8765.0,False,0.70995636334521,237,2.875
mzehra2,4,test,hliu36,237_B_2-4_WL_Bruise_OC_A244A_2026-03-08_DSC_4591,0.7380883066472587,0.5848969547831436,0.9704006124011227,0.5955214531788287,15676,25544,15212.000000000002,463.9999999999982,10331.999999999998,False,0.6136861885374256,237,2.875
mzehra2,4,test,hliu36,237_B_2-4_WL_Bruise_OC_A244A_2026-03-08_DSC_4592,0.6818982962334356,0.5173335974643423,0.9283682900817632,0.53884246363355,16878,29079,15669.0,1209.0,13410.0,False,0.580418858970391,237,2.875
mzehra2,4,test,hliu36,237_C_2-4_WL_Bruise_A244A_2026-03-08_DSC_4608,0.8368487660831049,0.7194668600961103,0.8064843988210184,0.8695890410958904,9839,9125,7935.0,1904.0,1190.0,False,1.0782465753424657,237,2.875
mzehra2,4,test,hliu36,237_C_2-4_WL_Bruise_A244A_2026-03-08_DSC_4609,0.6001238529527669,0.42869782031689857,1.0,0.42869782031689857,5330,12433,5329.999999999999,9.094947017729282e-13,7103.000000000001,False,0.42869782031689857,237,2.875
mzehra2,4,test,hliu36,237_C_2-4_WL_Bruise_A244A_2026-03-08_DSC_4610,0.7686670405683306,0.6242560427547674,0.7947270759239214,0.7442618202881761,12934,13811,10279.0,2655.0,3532.0,False,0.9364998913909203,237,2.875
mzehra2,4,test,hliu36,237_C_2-4_WL_Bruise_OC_A244A_2026-03-08_DSC_4613,0.5625604817031647,0.3913628883458834,0.7698646262507357,0.44321454791890214,10194,17707,7848.0,2346.0,9859.0,False,0.5757045236347207,237,2.875
mzehra2,4,test,hliu36,237_C_2-4_WL_Bruise_OC_A244A_2026-03-08_DSC_4615,0.6106607440310938,0.4395332107745184,0.796494785631518,0.49513776337115073,6904,11106,5499.0,1405.0,5607.0,False,0.6216459571402845,237,2.875
mzehra2,4,test,hliu36,237_E_2-4_WL_Bruise_A244A_2026-03-08_DSC_4651,0.8622941624263792,0.7579236512184815,0.8856061229528434,0.8401780137414117,12151,12808,10761.0,1390.0,2047.0,False,0.9487039350405996,237,2.875
mzehra2,4,test,hliu36,237_E_2-4_WL_Bruise_A244A_2026-03-08_DSC_4652,0.8449098879688262,0.7314666441764358,0.8237249501377149,0.8672132786721328,10529,10001,8673.0,1856.0,1328.0,False,1.0527947205279473,237,2.875
mzehra2,4,test,hliu36,237_E_2-4_WL_Bruise_A244A_2026-03-08_DSC_4653,0.8776616337591947,0.7819937909624008,0.9017501988862371,0.8548265460030166,7542,7956,6801.0,741.0,1155.0,False,0.9479638009049773,237,2.875
mzehra2,4,test,hliu36,237_E_2-4_WL_Bruise_OC_A244A_2026-03-08_DSC_4656,0.8439929004223025,0.7300931808555696,0.8337363966142685,0.8545048952782253,8270,8069,6895.0,1375.0,1174.0,False,1.0249101499566242,237,2.875
mzehra2,4,test,hliu36,237_E_2-4_WL_Bruise_OC_A244A_2026-03-08_DSC_4657,0.8827409542106949,0.7900951507508884,0.8618231836938852,0.9046993961669729,7997,7618,6892.0,1105.0,726.0,False,1.0497505907062221,237,2.875
mzehra2,4,test,hliu36,237_J_2-4_WL_Bruise_A244A_2026-02-26_DSC_5578,0.8374486981093991,0.720354187163609,0.9823993685872139,0.7297725140712945,12670,17056,12447.0,223.0,4609.0,False,0.7428470919324578,237,2.875
mzehra2,4,test,hliu36,237_J_2-4_WL_Bruise_A244A_2026-02-26_DSC_5579,0.7900969671962038,0.6530250323988814,0.9038897280966768,0.7017518141171296,10592,13643,9574.0,1018.0,4069.0,False,0.7763688338342007,237,2.875
mzehra2,4,test,hliu36,237_J_2-4_WL_Bruise_A244A_2026-02-26_DSC_5580,0.7446192452465978,0.5931421542246482,0.9927937202419251,0.5957068952204463,7771,12951,7715.0,56.0,5236.0,False,0.600030885645896,237,2.875
mzehra2,4,test,hliu36,237_J_2-4_WL_Bruise_OC_A244A_2026-02-26_DSC_5582,0.8620763928776565,0.7575872294782006,0.9483453123765895,0.7901941428101349,12661,15195,12007.0,654.0,3188.0,False,0.8332346166502139,237,2.875
mzehra2,4,test,hliu36,237_J_2-4_WL_Bruise_OC_A244A_2026-02-26_DSC_5583,0.7917725229626734,0.6553174282248282,0.8350164880461666,0.7527870680044593,9704,10764,8103.0,1601.0,2661.0,False,0.9015235971757711,237,2.875
mzehra2,4,test,hliu36,237_N_2-4_WL_Bruise_A244A_2026-02-26_DSC_5858,0.3719382321618743,0.22845461978740803,1.0,0.22845461978740803,1397,6115,1397.0,0.0,4718.0,False,0.22845461978740803,237,2.875
mzehra2,4,test,hliu36,237_N_2-4_WL_Bruise_A244A_2026-02-26_DSC_5859,0.4600790513833992,0.29876796714579057,1.0,0.29876796714579057,2037,6818,2037.0,0.0,4781.0,False,0.29876796714579057,237,2.875
mzehra2,4,test,hliu36,237_N_2-4_WL_Bruise_A244A_2026-02-26_DSC_5860,0.7647143473881134,0.6190587138863001,0.9365526965103983,0.6461575875486382,2837,4112,2657.0,180.0,1455.0,False,0.689931906614786,237,2.875
mzehra2,4,test,hliu36,237_N_2-4_WL_Bruise_OC_A244A_2026-02-26_DSC_5862,0.2006038875259483,0.11148400629260619,0.3449059052563271,0.14143161255987227,3082,7516,1063.0,2019.0,6453.0,False,0.41005854177754125,237,2.875
mzehra2,4,test,hliu36,237_N_2-4_WL_Bruise_OC_A244A_2026-02-26_DSC_5863,0.8059541848649612,0.6749776052553,0.9146267448917661,0.7203632887189293,4943,6276,4521.0,422.0,1755.0,False,0.7876035691523263,237,2.875
mzehra2,4,test,hliu36,237_S_2-4_WL_Bruise_A244A_2026-02-27_DSC_6307,0.6875273825720017,0.5238413155767947,0.979758149316509,0.5295726617171681,15216,28151,14908.0,308.0,13243.0,False,0.5405136584846009,237,2.875
mzehra2,4,test,hliu36,237_S_2-4_WL_Bruise_A244A_2026-02-27_DSC_6308,0.78177395307473,0.6417314381414523,0.972980011719513,0.6533753060510669,15359,22872,14944.0,415.0,7928.0,False,0.6715197621545995,237,2.875
mzehra2,4,test,hliu36,237_S_2-4_WL_Bruise_A244A_2026-02-27_DSC_6309,0.8213438148917235,0.6968476687849997,0.9743116037652855,0.7098903916415614,11367,15601,11075.0,292.0,4526.0,False,0.7286071405679123,237,2.875
mzehra2,4,test,hliu36,237_S_2-4_WL_Bruise_OC_A244A_2026-02-27_DSC_6311,0.78204051152805,0.6420907418761496,0.9488108720271801,0.6651317878691648,13245,18894,12567.0,678.0,6327.0,False,0.7010161956176564,237,2.875
mzehra2,4,test,hliu36,237_S_2-4_WL_Bruise_OC_A244A_2026-02-27_DSC_6312,0.6088587726350446,0.4376685563322142,0.9449792038027333,0.4491132949282729,8415,17706,7952.0,463.0,9754.0,False,0.4752626228397154,237,2.875
mzehra2,4,test,hliu36,237_Z_2-5_WL_Bruise_A244A_2026-02-16_DSC_7025,0.6966960846258892,0.5345614913048918,0.9998829930380858,0.5345949327494526,17093,31970,17091.0,2.0,14879.0,False,0.5346574913981857,237,2.875
mzehra2,4,test,hliu36,237_Z_2-5_WL_Bruise_A244A_2026-02-16_DSC_7026,0.7749571993624181,0.6325960194689413,0.998858621214427,0.6330536265432098,13142,20736,13127.0,15.0,7609.0,False,0.6337770061728395,237,2.875
mzehra2,4,test,hliu36,237_Z_2-5_WL_Bruise_A244A_2026-02-16_DSC_7027,0.8126655841381079,0.6844454041603685,1.0,0.6844454041603685,19018,27786,19018.0,0.0,8768.0,False,0.6844454041603685,237,2.875
mzehra2,4,test,hliu36,237_Z_2-5_WL_Bruise_OC_A244A_2026-02-16_DSC_7030,0.7399797169187354,0.5872760358342665,1.0,0.5872760358342665,16782,28576,16782.0,0.0,11794.0,False,0.5872760358342665,237,2.875
mzehra2,4,test,hliu36,247_A_2-4_WL_Bruise_A244A_2026-02-27_DSC_6202,0.857165965706891,0.7500353857041755,0.8158583525789068,0.9028795365479638,6495,5869,5299.0,1196.0,570.0,False,1.1066621230192537,247,2.875
mzehra2,4,test,hliu36,247_A_2-4_WL_Bruise_A244A_2026-02-27_DSC_6203,0.8308910043854958,0.7107044830741079,0.7985197368421053,0.8659977703455964,4864,4485,3884.0,980.0,601.0,False,1.0845039018952063,247,2.875
mzehra2,4,test,hliu36,247_A_2-4_WL_Bruise_A244A_2026-02-27_DSC_6204,0.9443458124276342,0.8945598128107634,0.9454404945904173,0.9432536622976099,6470,6485,6117.0,353.0,368.0,False,0.9976869699306091,247,2.875
mzehra2,4,test,hliu36,247_A_2-4_WL_Bruise_OC_A244A_2026-02-27_DSC_6206,0.881489841986456,0.7880928355196771,0.879646017699115,0.8833414121829052,6215,6189,5467.0,748.0,722.0,False,1.0042010017773468,247,2.875
mzehra2,4,test,hliu36,247_A_2-4_WL_Bruise_OC_A244A_2026-02-27_DSC_6207,0.8866401946970668,0.7963644730786931,0.8573197919246965,0.9180371352785146,4037,3770,3461.0,576.0,309.0,False,1.0708222811671086,247,2.875
mzehra2,4,test,hliu36,250_A_2-4_WL_Bruise_A244A_2026-02-27_DSC_6537,0.9435730207215388,0.8931739147423123,0.9777578168441764,0.9116978423004826,23379,25073,22859.0,520.0,2214.0,False,0.9324372831332509,250,2.875
mzehra2,4,test,hliu36,250_A_2-4_WL_Bruise_A244A_2026-02-27_DSC_6538,0.9317812286448147,0.8722756551663284,0.8870294764233478,0.9812884653563629,22289,20148,19771.0,2518.0,377.0,False,1.1062636489974191,250,2.875
mzehra2,4,test,hliu36,250_A_2-4_WL_Bruise_OC_A244A_2026-02-27_DSC_6541,0.9198006918658161,0.8515101657068985,0.9517273085511625,0.8899465700423754,30452,32566,28982.0,1470.0,3584.0,False,0.9350856721734324,250,2.875
mzehra2,4,test,hliu36,250_A_2-4_WL_Bruise_OC_A244A_2026-02-27_DSC_6542,0.9463806421210073,0.8982187305538271,0.9530392440061074,0.9398144380239277,24233,24574,23095.0,1138.0,1479.0,False,0.9861235452103849,250,2.875
mzehra2,4,test,hliu36,250_A_2-4_WL_Bruise_OC_A244A_2026-02-27_DSC_6543,0.9461493483222363,0.8978021191294387,0.9373271544958517,0.9551391903728246,26758,26259,25081.0,1677.0,1178.0,False,1.0190030084923265,250,2.875
mzehra2,4,test,hliu36,254_A_2-5_WL_Bruise_A244A_2026-02-16_DSC_6925,0.7211169284467713,0.5638646288209607,0.5947035118019574,0.9157801418439716,1737,1128,1033.0,704.0,95.0,False,1.5398936170212767,254,2.875
mzehra2,4,test,hliu36,254_A_2-5_WL_Bruise_A244A_2026-02-16_DSC_6926,0.6794097920858484,0.5144743524631793,0.5144743524631793,1.0,1969,1013,1013.0,956.0,0.0,False,1.9437314906219152,254,2.875
mzehra2,4,test,hliu36,254_A_2-5_WL_Bruise_A244A_2026-02-16_DSC_6927,0.7212189616252822,0.5639894086496028,0.5751575157515751,0.9667170953101362,1111,661,639.0,472.0,22.0,False,1.680786686838124,254,2.875
mzehra2,4,test,hliu36,254_A_2-5_WL_Bruise_OC_A244A_2026-02-16_DSC_6930,0.7116316639741519,0.5523510971786834,0.6324479540559943,0.8134810710987996,1393,1083,881.0,512.0,202.0,False,1.286241920590951,254,2.875
mzehra2,4,test,hliu36,254_A_2-5_WL_Bruise_OC_A244A_2026-02-16_DSC_6931,0.21956882255389717,0.12332339791356185,0.17284595300261096,0.3009090909090909,1915,1100,331.0,1584.0,769.0,False,1.740909090909091,254,2.875
mzehra2,4,test,hliu36,254_B_2-5_WL_Bruise_A244A_2026-02-16_DSC_6954,0.1882852592461511,0.10392654815393632,0.9989270386266095,0.10393815066007982,11184,107487,11172.0,12.0,96315.0,False,0.10404979206787797,254,2.875
mzehra2,4,test,hliu36,254_B_2-5_WL_Bruise_A244A_2026-02-16_DSC_6955,0.1664141771197339,0.09075886988388916,0.9826653944020356,0.09090440987163927,12576,135945,12358.0,218.0,123587.0,False,0.09250799955864504,254,2.875
mzehra2,4,test,hliu36,254_B_2-5_WL_Bruise_A244A_2026-02-16_DSC_6956,0.22973003810958217,0.12977118917176925,0.9808067030397506,0.13010157926025484,10264,77378,10067.0,197.0,67311.0,False,0.13264752255162965,254,2.875
mzehra2,4,test,hliu36,254_B_2-5_WL_Bruise_OC_A244A_2026-02-16_DSC_6960,0.19836685919139613,0.11010391333185938,0.9854881266490765,0.11028271942127409,10612,94829,10458.0,154.0,84371.0,False,0.11190669520927142,254,2.875
mzehra2,4,test,hliu36,254_B_2-5_WL_Bruise_OC_A244A_2026-02-16_DSC_6961,0.22413190624716892,0.12620977145522388,0.9535293469882171,0.12699087789282257,9081,68186,8659.0,422.0,59527.0,False,0.13317983163699293,254,2.875
mzehra2,4,test,hliu36,260_A_2-5_WL_Bruise_A244A_2026-02-17_DSC_7634,0.7591300779647107,0.6117724867724867,0.6630824372759857,0.8877159309021113,2790,2084,1849.9999999999998,940.0000000000002,234.00000000000023,False,1.338771593090211,260,2.875
mzehra2,4,test,hliu36,260_A_2-5_WL_Bruise_A244A_2026-02-17_DSC_7635,0.8625134264232008,0.7582625118035883,0.8899150350942002,0.8367488711358111,2707,2879,2409.0,298.0,470.0,False,0.9402570336922542,260,2.875
mzehra2,4,test,hliu36,260_A_2-5_WL_Bruise_A244A_2026-02-17_DSC_7636,0.6520595968448729,0.4837451235370611,0.5541899441340782,0.7919105907397552,2685,1879,1488.0,1197.0,391.0,False,1.428951569984034,260,2.875
mzehra2,4,test,hliu36,260_A_2-5_WL_Bruise_OC_A244A_2026-02-17_DSC_7638,0.5688747007182762,0.3975016729868392,0.473432518597237,0.712514994002399,3764,2501,1782.0,1982.0,719.0,False,1.5049980007996802,260,2.875
mzehra2,4,test,hliu36,260_A_2-5_WL_Bruise_OC_A244A_2026-02-17_DSC_7639,0.675212194699463,0.5096757322175732,0.557653791130186,0.8555750658472344,3495,2278,1949.0,1546.0,329.0,False,1.5342405618964003,260,2.875
mzehra2,4,test,hliu36,285_F_2-6_WL_Bruise_A244A_2026-04-06_DSC_2339,0.3685335613510047,0.22589098532494759,0.8260661236224245,0.23717155041959004,2087,7269,1724.0,363.0,5545.0,False,0.28710964369239234,285,2.875
mzehra2,4,test,hliu36,285_F_2-6_WL_Bruise_A244A_2026-04-06_DSC_2340,0.31984297597906347,0.19036493101913662,0.3177934621099554,0.32191909689557857,5384,5315,1711.0,3673.0,3604.0,False,1.0129821260583256,285,2.875
mzehra2,4,test,hliu36,285_F_2-6_WL_Bruise_OC_A244A_2026-04-06_DSC_2343,0.2834794335805799,0.16514770584538027,0.16519962276013833,0.9981006647673314,6362,1053,1051.0,5311.0,2.0,False,6.0417853751187085,285,2.875
mzehra2,4,test,hliu36,285_F_2-6_WL_Bruise_OC_A244A_2026-04-06_DSC_2344,0.5270685942786835,0.35783648324109846,0.5309062742060419,0.523285997862269,6455,6549,3427.0,3028.0,3122.0,False,0.9856466636127653,285,2.875
mzehra2,4,test,hliu36,285_G_2-6_WL_Bruise_A244A_2026-05-29_DSC_3860,0.9190340909090909,0.8501971090670171,0.9338144329896907,0.9047143427886536,4850,5006,4529.0,321.0,477.0,False,0.968837395125849,285,2.875
mzehra2,4,test,hliu36,285_G_2-6_WL_Bruise_A244A_2026-05-29_DSC_3861,0.8579533515444421,0.7512419503219872,0.8608475648323846,0.8550785340314137,4743,4775,4083.0,660.0,692.0,False,0.9932984293193717,285,2.875
mzehra2,4,test,hliu36,285_G_2-6_WL_Bruise_A244A_2026-05-29_DSC_3862,0.9235393123346959,0.8579405852133125,0.9687263556116015,0.8823799678382724,3965,4353,3841.0,124.0,512.0,False,0.9108660693774409,285,2.875
mzehra2,4,test,hliu36,285_G_2-6_WL_Bruise_OC_A244A_2026-05-29_DSC_3864,0.8464384828862165,0.7337610264635124,0.9236204576043069,0.7811610700056916,5944,7028,5490.0,454.0,1538.0,False,0.8457598178713717,285,2.875
mzehra2,4,test,hliu36,285_G_2-6_WL_Bruise_OC_A244A_2026-05-29_DSC_3865,0.8528579998286057,0.7434633198864485,0.9349868470499813,0.7839924373719868,5322,6347,4976.0,346.0,1371.0,False,0.8385063809673862,285,2.875
mzehra2,4,test,mzehra2,170_F_2-4_WL_Bruise_A244A_2026-03-05_DSC_1856,0.6760913820402624,0.5106782846403554,0.5514760147601476,0.8734658094681473,5420,3422,2989.0,2431.0,433.0,False,1.5838690824079487,170,2.875
mzehra2,4,test,mzehra2,170_F_2-4_WL_Bruise_OC_A244A_2026-03-05_DSC_1860,0.6116473267541481,0.4405561630995157,0.4607090344714916,0.9096774193548387,6121,3100,2820.0,3301.0,280.0,False,1.9745161290322581,170,2.875
mzehra2,4,test,mzehra2,182_Q_2-6_WL_Bruise_A244A_2026-04-06_DSC_2484,0.2546155643842019,0.14587935997857668,0.6603030303030303,0.15771569195136073,3300,13816,2179.0,1121.0,11637.0,False,0.23885350318471338,182,2.875
mzehra2,4,test,mzehra2,182_Q_2-6_WL_Bruise_A244A_2026-04-06_DSC_2485,0.26303350479632975,0.15143268769009124,0.24356333676622038,0.2858869749168933,3884,3309,946.0,2938.0,2363.0,False,1.1737685101239046,182,2.875
mzehra2,4,test,mzehra2,182_Q_2-6_WL_Bruise_A244A_2026-04-06_DSC_2486,0.3217590072929139,0.1917239590089506,0.25780568637711493,0.4279096699478865,5733,3454,1478.0,4255.0,1976.0,False,1.6598147075854082,182,2.875
mzehra2,4,test,mzehra2,182_Q_2-6_WL_Bruise_OC_A244A_2026-04-06_DSC_2488,0.58992228628729,0.41836154174370643,0.5908406146429648,0.5890068081698038,9957,9988,5883.0,4074.0,4105.0,False,0.9968962755306368,182,2.875
mzehra2,4,test,mzehra2,20_D_2-6_WL_Bruise_A244A_2026-04-04_DSC_0400,0.934346801795795,0.8767831817802619,0.9480425762222623,0.9210411006923145,11086,11411,10510.0,576.0,901.0,False,0.9715187100166506,20,2.875
mzehra2,4,test,mzehra2,20_D_2-6_WL_Bruise_OC_A244A_2026-04-04_DSC_0403,0.9342111216687028,0.8765442581192953,0.9466758367721229,0.9220703822793855,21810,22392,20647.0,1163.0,1745.0,False,0.9740085744908896,20,2.875
mzehra2,4,test,mzehra2,20_D_2-6_WL_Bruise_OC_A244A_2026-04-04_DSC_0404,0.8977209902328153,0.8144226482389657,0.9704710465734018,0.8351175282867919,22588,26249,21921.0,667.0,4328.0,False,0.860528020115052,20,2.875
mzehra2,4,test,mzehra2,226_A_2-4_WL_Bruise_A244A_2026-03-06_DSC_3569,0.4557388895579911,0.29511776633910464,0.3125722782091525,0.8408888888888889,6053,2250,1892.0,4161.0,358.0,False,2.6902222222222223,226,2.875
mzehra2,4,test,mzehra2,226_A_2-4_WL_Bruise_A244A_2026-03-06_DSC_3570,0.5432294977749523,0.372899847261619,0.3791879298868427,0.9574229691876751,4507,1785,1709.0,2798.0,76.0,False,2.5249299719887954,226,2.875
mzehra2,4,test,mzehra2,226_A_2-4_WL_Bruise_A244A_2026-03-06_DSC_3571,0.39363594774564126,0.24504778178596293,0.25440210249671485,0.8695261621378846,15220,4453,3872.0,11348.0,581.0,False,3.417920503031664,226,2.875
mzehra2,4,test,mzehra2,226_A_2-4_WL_Bruise_OC_A244A_2026-03-06_DSC_3573,0.5754884547069272,0.40399002493765584,0.40399002493765584,1.0,4812,1944,1944.0000000000002,2868.0,-2.2737367544323206e-13,False,2.4753086419753085,226,2.875
mzehra2,4,test,mzehra2,226_A_2-4_WL_Bruise_OC_A244A_2026-03-06_DSC_3574,0.7931360946745563,0.6571876838595803,0.6844362745098039,0.9428812605514912,4896,3554,3351.0,1545.0,203.0,False,1.377602701181767,226,2.875
mzehra2,4,test,mzehra2,226_C_2-4_WL_Bruise_A244A_2026-03-06_DSC_3610,0.8675863695318948,0.7661391087047064,0.8280441143371596,0.9110946012877662,4443,4038,3679.0,764.0,359.0,False,1.1002971768202081,226,2.875
mzehra2,4,test,mzehra2,226_C_2-4_WL_Bruise_A244A_2026-03-06_DSC_3611,0.8743023537976219,0.7766760077602932,0.8122182146077548,0.9466631634261692,4436,3806,3603.0,833.0,203.0,False,1.1655281135049922,226,2.875
mzehra2,4,test,mzehra2,226_C_2-4_WL_Bruise_A244A_2026-03-06_DSC_3612,0.8910067579275689,0.8034375,0.849636483807006,0.9366120218579235,3026,2745,2571.0,455.0,174.0,False,1.102367941712204,226,2.875
mzehra2,4,test,mzehra2,226_C_2-4_WL_Bruise_OC_A244A_2026-03-06_DSC_3614,0.8810333106730116,0.787363304981774,0.8169783567976465,0.9559872141627735,4759,4067,3888.0,871.0,179.0,False,1.1701499877059258,226,2.875
mzehra2,4,test,mzehra2,226_C_2-4_WL_Bruise_OC_A244A_2026-03-06_DSC_3615,0.890760796897981,0.8030376084860174,0.9063945578231293,0.8756572029442692,3675,3804,3331.0,344.0,473.0,False,0.9660883280757098,226,2.875
mzehra2,4,test,mzehra2,228_B_2-4_WL_Bruise_A244A_2026-03-06_DSC_3718,0.9145510835913313,0.8425556189389618,0.9219725343320849,0.9072481572481572,3204,3256,2954.0,250.0,302.0,False,0.984029484029484,228,2.875
mzehra2,4,test,mzehra2,228_B_2-4_WL_Bruise_A244A_2026-03-06_DSC_3719,0.8126603934987169,0.6844380403458213,0.6939371804236669,0.9803921568627451,2738,1938,1900.0,838.0,38.0,False,1.412796697626419,228,2.875
mzehra2,4,test,mzehra2,228_B_2-4_WL_Bruise_A244A_2026-03-06_DSC_3720,0.818693206404154,0.693040293040293,0.7989864864864865,0.839396628216504,2368,2254,1891.9999999999998,476.0000000000002,362.0000000000002,False,1.0505767524401064,228,2.875
mzehra2,4,test,mzehra2,228_B_2-4_WL_Bruise_A244A_2026-03-06_DSC_3721,0.802545518826233,0.6702096250369058,0.6829121540312876,0.9729961423060437,3324,2333,2270.0,1054.0,63.0,False,1.4247749678525503,228,2.875
mzehra2,4,test,mzehra2,228_B_2-4_WL_Bruise_OC_A244A_2026-03-06_DSC_3723,0.7649753347427766,0.6194008559201141,0.6346097632271266,0.962749445676275,3421,2255,2171.0,1250.0,84.0,False,1.5170731707317073,228,2.875
mzehra2,4,test,mzehra2,228_B_2-4_WL_Bruise_OC_A244A_2026-03-06_DSC_3724,0.814921503672764,0.6876519202722411,0.9087696755541278,0.7386422976501306,3113,3830,2829.0,284.0,1001.0,False,0.8127937336814621,228,2.875
mzehra2,4,test,mzehra2,232_A_2-4_WL_Bruise_A244A_2026-03-06_DSC_3868,0.3724462671831093,0.22883807746150256,0.24908573750507923,0.737887451098405,9844,3323,2452.0,7392.0,871.0,False,2.9623833885043633,232,2.875
mzehra2,4,test,mzehra2,232_A_2-4_WL_Bruise_A244A_2026-03-06_DSC_3869,0.5920651068158698,0.42052023121387283,0.4259367681498829,0.970647098065377,6832,2998,2910.0,3922.0,88.0,False,2.278852568378919,232,2.875
mzehra2,4,test,mzehra2,232_A_2-4_WL_Bruise_A244A_2026-03-06_DSC_3870,0.0,0.0,0.0,0.0,4071,4524,0.0,4071.0,4524.0,True,0.899867374005305,232,2.875
mzehra2,4,test,mzehra2,232_A_2-4_WL_Bruise_OC_A244A_2026-03-06_DSC_3876,0.7654295673569818,0.6199966782926424,0.985480464625132,0.6257123700972176,3788,5966,3733.0,55.0,2233.0,False,0.6349312772376802,232,2.875
mzehra2,4,test,mzehra2,232_A_2-4_WL_Bruise_OC_A244A_2026-03-06_DSC_3877,0.7985703344396221,0.6646833829154272,0.6968661814941334,0.9350338780390594,6733,5018,4692.0,2041.0,326.0,False,1.3417696293343961,232,2.875
mzehra2,4,test,mzehra2,233_B_2-4_WL_Bruise_A244A_2026-03-06_DSC_4197,0.6628918947258048,0.4957653701380176,0.9538322269161135,0.5079543628475012,6628,12446,6322.0,306.0,6124.0,False,0.5325405752852322,233,2.875
mzehra2,4,test,mzehra2,233_B_2-4_WL_Bruise_A244A_2026-03-06_DSC_4199,0.42308195007188604,0.26829672606713634,0.8327759197324415,0.2835742444152431,3887,11415,3237.0,650.0,8178.0,False,0.3405168637757337,233,2.875
mzehra2,4,test,mzehra2,233_B_2-4_WL_Bruise_OC_A244A_2026-03-06_DSC_4201,0.4943308412140417,0.328313054916146,0.923247641945626,0.33752535496957403,5407,14790,4992.0,415.0,9798.0,False,0.36558485463150775,233,2.875
mzehra2,4,test,mzehra2,235_A_2-4_WL_Bruise_A244A_2026-03-08_DSC_4349,0.8100882028665931,0.6807968496641186,0.9646740245353465,0.698203414996288,24373,33675,23512.0,861.0,10163.0,False,0.7237713437268003,235,2.875
mzehra2,4,test,mzehra2,235_A_2-4_WL_Bruise_A244A_2026-03-08_DSC_4350,0.83013870089799,0.7096043791988057,0.9197897181190737,0.7564119566082275,31006,37703,28519.0,2487.0,9184.0,False,0.8223748773307163,235,2.875
mzehra2,4,test,mzehra2,235_A_2-4_WL_Bruise_A244A_2026-03-08_DSC_4351,0.8660287081339713,0.7637130801687764,0.9853691731881592,0.7724726593758335,17634,22494,17376.0,258.0,5118.0,False,0.7839423846359029,235,2.875
mzehra2,4,test,mzehra2,235_A_2-4_WL_Bruise_OC_A244A_2026-03-08_DSC_4353,0.8076110755875913,0.6773050797880984,0.9929483514389175,0.6805786878286143,20988,30621,20840.0,148.0,9781.0,False,0.6854119721759577,235,2.875
mzehra2,4,test,mzehra2,235_A_2-4_WL_Bruise_OC_A244A_2026-03-08_DSC_4354,0.755532698496964,0.6071133388434159,0.953918981190566,0.6254566429532782,23871,36407,22771.0,1100.0,13636.0,False,0.6556706127942429,235,2.875
mzehra2,4,test,mzehra2,236_C_2-4_WL_Bruise_A244A_2026-03-08_DSC_4462,0.20550660792951542,0.11452068245980115,0.405564007824386,0.13762076849325172,4601,13559,1866.0,2735.0,11693.0,False,0.33933180913046684,236,2.875
mzehra2,4,test,mzehra2,236_C_2-4_WL_Bruise_A244A_2026-03-08_DSC_4463,0.18755812246096618,0.10348366189576019,0.37167798254122214,0.1254255040586541,5155,15276,1916.0,3239.0,13360.0,False,0.3374574495941346,236,2.875
mzehra2,4,test,mzehra2,236_C_2-4_WL_Bruise_A244A_2026-03-08_DSC_4464,0.04501977705861201,0.023028251912889937,0.12136487010469174,0.027635528871622815,2579,11326,313.0,2266.0,11013.0,False,0.2277061628112308,236,2.875
mzehra2,4,test,mzehra2,236_C_2-4_WL_Bruise_OC_A244A_2026-03-08_DSC_4467,0.06289499733495774,0.0324685534591195,0.1602638727202173,0.03912466843501326,2577,10556,413.0,2164.0,10143.0,False,0.24412656309208033,236,2.875
mzehra2,4,test,mzehra2,236_C_2-4_WL_Bruise_OC_A244A_2026-03-08_DSC_4468,0.07081845006988663,0.036709064562872325,0.2802704363859865,0.04052973069060528,1627,11251,456.0,1171.0,10795.0,False,0.14460936805617278,236,2.875
mzehra2,4,test,mzehra2,236_E_2-4_WL_Bruise_OC_A244A_2026-02-26_DSC_5722,0.64687017460506,0.4780547752808989,0.4893961179007908,0.9537653239929947,5564,2855,2723.0,2841.0,132.0,False,1.948861646234676,236,2.875
mzehra2,4,test,mzehra2,237_AC_2-5_WL_Bruise_A244A_2026-02-16_DSC_7084,0.5928892844780695,0.4213522631430981,0.901368215305969,0.44171824344238136,13302,27144,11990.0,1312.0,15154.0,False,0.490053050397878,237,2.875
mzehra2,4,test,mzehra2,237_AC_2-5_WL_Bruise_A244A_2026-02-16_DSC_7085,0.6298236031230923,0.45966607260106934,0.8808304125101105,0.4901480296059212,11127,19996,9801.0,1326.0,10195.0,False,0.5564612922584516,237,2.875
mzehra2,4,test,mzehra2,237_AC_2-5_WL_Bruise_A244A_2026-02-16_DSC_7086,0.7741900822006125,0.6315743338008415,0.9423638662423159,0.6569509452312929,22937,32902,21615.0,1322.0,11287.0,False,0.6971308735031305,237,2.875
mzehra2,4,test,mzehra2,237_AC_2-5_WL_Bruise_OC_A244A_2026-02-16_DSC_7088,0.8619908231107781,0.7574550720821539,0.9849347314359084,0.7663336663336663,23365,30030,23013.0,352.0,7017.0,False,0.7780552780552781,237,2.875
mzehra2,4,test,mzehra2,237_AC_2-5_WL_Bruise_OC_A244A_2026-02-16_DSC_7089,0.7984687171398528,0.6645425953780938,0.9693621095464156,0.6787998994329134,25067,35797,24299.0,768.0,11498.0,False,0.7002542112467525,237,2.875
mzehra2,4,test,mzehra2,237_AD_2-5_WL_Bruise_A244A_2026-02-16_DSC_7116,0.640442582272302,0.47106696188139546,0.9506098297307088,0.48288553551711444,8281,16302,7872.0,409.0,8430.0,False,0.5079744816586922,237,2.875
mzehra2,4,test,mzehra2,237_AD_2-5_WL_Bruise_A244A_2026-02-16_DSC_7117,0.904666161840353,0.8259273386097072,0.9570718232044199,0.857701638857256,18100,20197,17323.0,777.0,2874.0,False,0.8961726989156805,237,2.875
mzehra2,4,test,mzehra2,237_AD_2-5_WL_Bruise_A244A_2026-02-16_DSC_7118,0.7760381211708646,0.6340378197997776,0.8105946138121056,0.7443075165265649,11251,12253,9120.0,2131.0,3133.0,False,0.9182241083816208,237,2.875
mzehra2,4,test,mzehra2,237_AD_2-5_WL_Bruise_OC_A244A_2026-02-16_DSC_7120,0.824234437751004,0.7010193734322464,0.9174408046378432,0.7482198803759612,14317,17555,13135.0,1182.0,4420.0,False,0.8155511250356023,237,2.875
mzehra2,4,test,mzehra2,237_AD_2-5_WL_Bruise_OC_A244A_2026-02-16_DSC_7121,0.8044771346338343,0.6729081960196875,0.9670177596678712,0.6887148880249685,13007,18263,12578.0,429.0,5685.0,False,0.7122050046542189,237,2.875
mzehra2,4,test,mzehra2,237_AE_2-5_WL_Bruise_A244A_2026-02-16_DSC_7217,0.7765281173594132,0.6346922462030375,0.9243306169965075,0.6694772344013491,4295,5930,3970.0,325.0,1960.0,False,0.7242833052276559,237,2.875
mzehra2,4,test,mzehra2,237_AE_2-5_WL_Bruise_A244A_2026-02-16_DSC_7218,0.9128277817150957,0.8396349413298566,0.989247311827957,0.8473684210526315,3255,3800,3220.0,35.0,580.0,False,0.8565789473684211,237,2.875
mzehra2,4,test,mzehra2,237_AE_2-5_WL_Bruise_A244A_2026-02-16_DSC_7219,0.801580649024069,0.6688649080735412,1.0,0.6688649080735412,3347,5004,3347.0,0.0,1657.0,False,0.6688649080735412,237,2.875
mzehra2,4,test,mzehra2,237_AE_2-5_WL_Bruise_OC_A244A_2026-02-16_DSC_7221,0.7030760928224501,0.5421105193075899,0.7986758214811182,0.6279159437054174,4078,5187,3257.0,821.0,1930.0,False,0.7861962598804704,237,2.875
mzehra2,4,test,mzehra2,237_AE_2-5_WL_Bruise_OC_A244A_2026-02-16_DSC_7222,0.413381369016984,0.2605423640845984,0.3334440385254068,0.5437313836988897,6022,3693,2008.0,4014.0,1685.0,False,1.6306525859734633,237,2.875
mzehra2,4,test,mzehra2,237_B_2-4_WL_Bruise_A244A_2026-03-08_DSC_4584,0.8635317478225552,0.759837985942898,0.9392332989741324,0.7991229901858425,20373,23945,19135.0,1238.0,4810.0,False,0.8508248068490291,237,2.875
mzehra2,4,test,mzehra2,237_B_2-4_WL_Bruise_A244A_2026-03-08_DSC_4587,0.8041220556745182,0.6724114776847665,0.9204044117647059,0.713925855513308,16320,21040,15021.0,1299.0,6019.0,False,0.7756653992395437,237,2.875
mzehra2,4,test,mzehra2,237_B_2-4_WL_Bruise_A244A_2026-03-08_DSC_4588,0.8153930131004367,0.6883236568058243,0.8423367542573588,0.7901195387707606,17734,18906,14938.0,2796.0,3968.0,False,0.9380090976409605,237,2.875
mzehra2,4,test,mzehra2,237_B_2-4_WL_Bruise_OC_A244A_2026-03-08_DSC_4591,0.6778608344608833,0.5127000637519713,0.974738453687165,0.519604175876492,15676,29407,15280.0,396.0,14127.0,False,0.5330703573978984,237,2.875
mzehra2,4,test,mzehra2,237_B_2-4_WL_Bruise_OC_A244A_2026-03-08_DSC_4592,0.8082753700731229,0.6782400478898534,0.9398032942291741,0.7090429574002056,16878,22371,15862.0,1016.0,6509.0,False,0.7544588976800322,237,2.875
mzehra2,4,test,mzehra2,237_C_2-4_WL_Bruise_A244A_2026-03-08_DSC_4608,0.7102704469319389,0.5507127019322141,0.8835247484500457,0.5938247148029236,9839,14639,8693.0,1146.0,5946.0,False,0.6721087505977185,237,2.875
mzehra2,4,test,mzehra2,237_C_2-4_WL_Bruise_A244A_2026-03-08_DSC_4609,0.7441751368256451,0.5925787573154028,0.8928705440900563,0.6379356568364611,5330,7460,4759.0,571.0,2701.0,False,0.7144772117962467,237,2.875
mzehra2,4,test,mzehra2,237_C_2-4_WL_Bruise_A244A_2026-03-08_DSC_4610,0.6811987457790641,0.5165287366832793,0.8734343590536571,0.5583176831076406,12934,20234,11297.0,1637.0,8937.0,False,0.6392211129781555,237,2.875
mzehra2,4,test,mzehra2,237_C_2-4_WL_Bruise_OC_A244A_2026-03-08_DSC_4613,0.5949820788530465,0.42346938775510207,0.7490680792623111,0.4934729223213132,10194,15474,7635.999999999999,2558.000000000001,7838.000000000001,False,0.6587824738270648,237,2.875
mzehra2,4,test,mzehra2,237_C_2-4_WL_Bruise_OC_A244A_2026-03-08_DSC_4615,0.6731036223652657,0.5072767050318653,0.7724507531865585,0.5963990158801163,6904,8942,5333.0,1571.0,3609.0,False,0.7720867814806531,237,2.875
mzehra2,4,test,mzehra2,237_E_2-4_WL_Bruise_A244A_2026-03-08_DSC_4651,0.8877997549448626,0.7982373308152345,0.8348284091844292,0.9479487898327259,12151,10701,10144.0,2007.0,557.0,False,1.1355013550135502,237,2.875
mzehra2,4,test,mzehra2,237_E_2-4_WL_Bruise_A244A_2026-03-08_DSC_4652,0.8544540296166444,0.7458923969072165,0.8795707094690853,0.8307319698600646,10529,11148,9261.0,1268.0,1887.0,False,0.9444743451740223,237,2.875
mzehra2,4,test,mzehra2,237_E_2-4_WL_Bruise_A244A_2026-03-08_DSC_4653,0.81665351702373,0.6901220638014155,0.8920710686820472,0.752993844432009,7542,8935,6728.0,814.0,2207.0,False,0.8440962506994963,237,2.875
mzehra2,4,test,mzehra2,237_E_2-4_WL_Bruise_OC_A244A_2026-03-08_DSC_4656,0.8924967090829311,0.805863708399366,0.8608222490931077,0.9265911753221397,8270,7683,7119.0,1151.0,564.0,False,1.0764024469608227,237,2.875
mzehra2,4,test,mzehra2,237_E_2-4_WL_Bruise_OC_A244A_2026-03-08_DSC_4657,0.8851725209822816,0.7939995538701762,0.8902088283106164,0.880192878338279,7997,8088,7119.0,878.0,969.0,False,0.9887487636003957,237,2.875
mzehra2,4,test,mzehra2,237_J_2-4_WL_Bruise_A244A_2026-02-26_DSC_5578,0.805261180007516,0.6740060392551586,0.8456195737963694,0.7685796269727403,12670,13940,10714.0,1956.0,3226.0,False,0.9088952654232425,237,2.875
mzehra2,4,test,mzehra2,237_J_2-4_WL_Bruise_A244A_2026-02-26_DSC_5579,0.7247209532331748,0.5682842159686831,0.7263972809667674,0.723052344704445,10592,10641,7694.0,2898.0,2947.0,False,0.9953951696269148,237,2.875
mzehra2,4,test,mzehra2,237_J_2-4_WL_Bruise_A244A_2026-02-26_DSC_5580,0.6813923056791416,0.5167513496348047,0.8376013383090979,0.5742897476619022,7771,11334,6509.0,1262.0,4825.0,False,0.6856361390506441,237,2.875
mzehra2,4,test,mzehra2,237_J_2-4_WL_Bruise_OC_A244A_2026-02-26_DSC_5582,0.894084248319626,0.8084560211400529,0.8457467814548614,0.9482819695359547,12661,11292,10708.0,1953.0,584.0,False,1.121236273467942,237,2.875
mzehra2,4,test,mzehra2,237_J_2-4_WL_Bruise_OC_A244A_2026-02-26_DSC_5583,0.8257931390250194,0.7032773921448028,0.8248145094806265,0.8267740935853735,9704,9681,8004.0,1700.0,1677.0,False,1.0023757876252453,237,2.875
mzehra2,4,test,mzehra2,237_N_2-4_WL_Bruise_A244A_2026-02-26_DSC_5858,0.20293122886133033,0.11292346298619825,0.9663564781675018,0.1133691635875042,1397,11908,1350.0,47.0,10558.0,False,0.1173160900235136,237,2.875
mzehra2,4,test,mzehra2,237_N_2-4_WL_Bruise_A244A_2026-02-26_DSC_5859,0.6005306603773585,0.42911312407836527,1.0,0.42911312407836527,2037,4747,2037.0,0.0,2710.0,False,0.42911312407836527,237,2.875
mzehra2,4,test,mzehra2,237_N_2-4_WL_Bruise_A244A_2026-02-26_DSC_5860,0.8329659148719688,0.7137460040685847,0.8657032076136765,0.8026143790849674,2837,3060,2456.0,381.0,604.0,False,0.927124183006536,237,2.875
mzehra2,4,test,mzehra2,237_N_2-4_WL_Bruise_OC_A244A_2026-02-26_DSC_5862,0.21024525316455697,0.11747154381699636,0.3449059052563271,0.15120910384068278,3082,7030,1063.0,2019.0,5967.0,False,0.4384068278805121,237,2.875
mzehra2,4,test,mzehra2,237_N_2-4_WL_Bruise_OC_A244A_2026-02-26_DSC_5863,0.7447598514792191,0.5933206106870229,0.6289702609751163,0.9128009395184967,4943,3406,3109.0,1834.0,297.0,False,1.4512624779800352,237,2.875
mzehra2,4,test,mzehra2,237_S_2-4_WL_Bruise_A244A_2026-02-27_DSC_6307,0.8029292461819073,0.6707450195579004,0.969177181913775,0.68536506018497,15216,21517,14747.0,469.0,6770.0,False,0.7071617790584189,237,2.875
mzehra2,4,test,mzehra2,237_S_2-4_WL_Bruise_A244A_2026-02-27_DSC_6308,0.8263302123772551,0.7040568148652593,0.9423790611367927,0.7357291719615717,15359,19673,14474.0,885.0,5199.0,False,0.7807146851014081,237,2.875
mzehra2,4,test,mzehra2,237_S_2-4_WL_Bruise_A244A_2026-02-27_DSC_6309,0.7948810382119683,0.6595871971283278,0.9699129057798892,0.6733646857631467,11367,16373,11025.0,342.0,5348.0,False,0.6942527331582483,237,2.875
mzehra2,4,test,mzehra2,237_S_2-4_WL_Bruise_OC_A244A_2026-02-27_DSC_6311,0.7766625615763547,0.6348718981225148,0.9522838807097018,0.6557317390174162,13245,19235,12613.0,632.0,6622.0,False,0.6885885105276839,237,2.875
mzehra2,4,test,mzehra2,237_S_2-4_WL_Bruise_OC_A244A_2026-02-27_DSC_6312,0.6913569386408621,0.5283006184458188,0.9339275103980986,0.5488128491620111,8415,14320,7859.0,556.0,6461.0,False,0.5876396648044693,237,2.875
mzehra2,4,test,mzehra2,237_Z_2-5_WL_Bruise_A244A_2026-02-16_DSC_7025,0.8290499799008442,0.7080148304114982,0.9049318434446849,0.7649095045000495,17093,20222,15468.0,1625.0,4754.0,False,0.8452675304124221,237,2.875
mzehra2,4,test,mzehra2,237_Z_2-5_WL_Bruise_A244A_2026-02-16_DSC_7026,0.8615692153923038,0.7568042142230026,0.983868513163902,0.7663130445089789,13142,16873,12930.0,212.0,3943.0,False,0.7788774965921887,237,2.875
mzehra2,4,test,mzehra2,237_Z_2-5_WL_Bruise_A244A_2026-02-16_DSC_7027,0.8876373279454477,0.7979747525202071,0.924019350089389,0.8540117607036983,19018,20577,17573.0,1445.0,3004.0,False,0.9242357972493561,237,2.875
mzehra2,4,test,mzehra2,237_Z_2-5_WL_Bruise_OC_A244A_2026-02-16_DSC_7030,0.8888574180026058,0.799949018608208,0.9349898700989155,0.8470632692722954,16782,18524,15691.0,1091.0,2833.0,False,0.905959835888577,237,2.875
mzehra2,4,test,mzehra2,247_A_2-4_WL_Bruise_A244A_2026-02-27_DSC_6202,0.7968821641448877,0.6623475609756098,0.6689761354888376,0.9852607709750567,6495,4410,4345.0,2150.0,65.0,False,1.4727891156462585,247,2.875
mzehra2,4,test,mzehra2,247_A_2-4_WL_Bruise_A244A_2026-02-27_DSC_6203,0.8641638225255973,0.7608173076923077,0.7808388157894737,0.9673968415690269,4864,3926,3798.0,1066.0,128.0,False,1.2389200203769741,247,2.875
mzehra2,4,test,mzehra2,247_A_2-4_WL_Bruise_A244A_2026-02-27_DSC_6204,0.8049967851566088,0.6736356648731745,0.6772797527047913,0.9920760697305864,6470,4417,4382.0,2088.0,35.0,False,1.4647951098030336,247,2.875
mzehra2,4,test,mzehra2,247_A_2-4_WL_Bruise_OC_A244A_2026-02-27_DSC_6206,0.7964756003098373,0.6617860016090105,0.6617860016090105,1.0,6215,4113,4113.0,2102.0,0.0,False,1.511062484804279,247,2.875
mzehra2,4,test,mzehra2,247_A_2-4_WL_Bruise_OC_A244A_2026-02-27_DSC_6207,0.8676274352815586,0.7662031581428235,0.8053009660639089,0.9404107607752387,4037,3457,3251.0,786.0,206.0,False,1.1677755279143767,247,2.875
mzehra2,4,test,mzehra2,250_A_2-4_WL_Bruise_A244A_2026-02-27_DSC_6537,0.9401111252491835,0.8869902757213174,0.9480730570169811,0.9322818086225027,23379,23775,22165.0,1214.0,1610.0,False,0.9833438485804417,250,2.875
mzehra2,4,test,mzehra2,250_A_2-4_WL_Bruise_A244A_2026-02-27_DSC_6538,0.9403427167211532,0.8874026834520458,0.9614159450850195,0.9201734799038132,22289,23288,21429.0,860.0,1859.0,False,0.9571023703194779,250,2.875
mzehra2,4,test,mzehra2,250_A_2-4_WL_Bruise_OC_A244A_2026-02-27_DSC_6541,0.9146150314276215,0.8426641771450244,0.94850912912124,0.8830597083371549,30452,32709,28884.0,1568.0,3825.0,False,0.9309975847626035,250,2.875
mzehra2,4,test,mzehra2,250_A_2-4_WL_Bruise_OC_A244A_2026-02-27_DSC_6542,0.9473576570680629,0.8999805712065281,0.9557628027895845,0.9390990552649718,24233,24663,23161.0,1072.0,1502.0,False,0.9825649758747922,250,2.875
mzehra2,4,test,mzehra2,250_A_2-4_WL_Bruise_OC_A244A_2026-02-27_DSC_6543,0.9492703003757056,0.9034391059043375,0.9395321025487705,0.9592124842611317,26758,26209,25140.0,1618.0,1069.0,False,1.0209470029379222,250,2.875
mzehra2,4,test,mzehra2,254_A_2-5_WL_Bruise_A244A_2026-02-16_DSC_6925,0.7114243323442137,0.5521013241220495,0.5521013241220495,1.0,1737,959,959.0,778.0,0.0,False,1.81126173096976,254,2.875
mzehra2,4,test,mzehra2,254_A_2-5_WL_Bruise_A244A_2026-02-16_DSC_6926,0.7594077729796422,0.6121332670313276,0.6251904520060945,0.96700706991359,1969,1273,1231.0,738.0,42.0,False,1.546739984289081,254,2.875
mzehra2,4,test,mzehra2,254_A_2-5_WL_Bruise_A244A_2026-02-16_DSC_6927,0.8089430894308943,0.6791808873720137,0.7164716471647165,0.9288214702450408,1111,857,796.0,315.0,61.0,False,1.296382730455076,254,2.875
mzehra2,4,test,mzehra2,254_A_2-5_WL_Bruise_OC_A244A_2026-02-16_DSC_6930,0.6779661016949152,0.5128205128205128,0.5455850681981336,0.8951707891637221,1393,849,760.0,633.0,89.0,False,1.6407538280329799,254,2.875
mzehra2,4,test,mzehra2,254_A_2-5_WL_Bruise_OC_A244A_2026-02-16_DSC_6931,0.278816199376947,0.16199095022624435,0.18694516971279374,0.5482388973966309,1915,653,357.99999999999994,1557.0,295.00000000000006,False,2.9326186830015315,254,2.875
mzehra2,4,test,mzehra2,254_B_2-5_WL_Bruise_A244A_2026-02-16_DSC_6954,0.1969175853799104,0.10921163879322789,0.9470672389127325,0.10988235782310102,11184,96394,10592.0,592.0,85802.0,False,0.11602381890989066,254,2.875
mzehra2,4,test,mzehra2,254_B_2-5_WL_Bruise_A244A_2026-02-16_DSC_6955,0.16806817460932819,0.09174368406066996,0.9479961832061069,0.09220774198538227,12576,129295,11922.0,654.0,117373.0,False,0.09726594222514405,254,2.875
mzehra2,4,test,mzehra2,254_B_2-5_WL_Bruise_A244A_2026-02-16_DSC_6956,0.20596386671945655,0.11480474829837155,0.9629773967264225,0.11531371771239238,10264,85714,9884.0,380.0,75830.0,False,0.11974706582355274,254,2.875
mzehra2,4,test,mzehra2,254_B_2-5_WL_Bruise_OC_A244A_2026-02-16_DSC_6960,0.21047097296558395,0.11761249456477031,0.943083301922352,0.11845328977736747,10612,84489,10008.0,604.0,74481.0,False,0.12560214939222858,254,2.875
mzehra2,4,test,mzehra2,254_B_2-5_WL_Bruise_OC_A244A_2026-02-16_DSC_6961,0.20132638559924207,0.11193047142480907,0.8892192489813897,0.11351336154181368,9081,71137,8075.0,1006.0,63062.0,False,0.1276550880694997,254,2.875
mzehra2,4,test,mzehra2,260_A_2-5_WL_Bruise_A244A_2026-02-17_DSC_7634,0.6596234592983882,0.49211802748585287,0.8727598566308243,0.53015458306118,2790,4593,2435.0,355.0,2158.0,False,0.6074461136512084,260,2.875
mzehra2,4,test,mzehra2,260_A_2-5_WL_Bruise_A244A_2026-02-17_DSC_7635,0.5498652291105122,0.379182156133829,0.6028814185445143,0.5054196345617838,2707,3229,1632.0,1075.0,1597.0,False,0.8383400433570765,260,2.875
mzehra2,4,test,mzehra2,260_A_2-5_WL_Bruise_A244A_2026-02-17_DSC_7636,0.7323989569752282,0.5777834919002314,0.8368715083798882,0.6511156186612576,2685,3451,2247.0,438.0,1204.0,False,0.7780353520718633,260,2.875
mzehra2,4,test,mzehra2,260_A_2-5_WL_Bruise_OC_A244A_2026-02-17_DSC_7638,0.8038662907772856,0.672053872053872,0.7954303931987248,0.812483039348711,3764,3685,2994.0,770.0,691.0,False,1.021438263229308,260,2.875
mzehra2,4,test,mzehra2,260_A_2-5_WL_Bruise_OC_A244A_2026-02-17_DSC_7639,0.7395247388359545,0.5867030965391621,0.9216022889842632,0.6175230061349694,3495,5216,3220.9999999999995,274.00000000000045,1995.0000000000005,False,0.6700536809815951,260,2.875
mzehra2,4,test,mzehra2,285_F_2-6_WL_Bruise_A244A_2026-04-06_DSC_2339,0.521119230083764,0.35237406604000965,0.7005270723526593,0.41486946651532347,2087,3524,1462.0,625.0,2062.0,False,0.5922247446083996,285,2.875
mzehra2,4,test,mzehra2,285_F_2-6_WL_Bruise_A244A_2026-04-06_DSC_2340,0.3640013966480447,0.2224949311706328,0.387258543833581,0.3433794466403162,5384,6072,2085.0,3299.0,3987.0,False,0.8866930171277997,285,2.875
mzehra2,4,test,mzehra2,285_F_2-6_WL_Bruise_OC_A244A_2026-04-06_DSC_2343,0.2768147345612134,0.16064130776485383,0.16064130776485383,1.0,6362,1022,1021.9999999999999,5340.0,1.1368683772161603e-13,False,6.2250489236790605,285,2.875
mzehra2,4,test,mzehra2,285_F_2-6_WL_Bruise_OC_A244A_2026-04-06_DSC_2344,0.5408921933085502,0.37070063694267513,0.4958946553059644,0.5948708418509571,6455,5381,3201.0,3254.0,2180.0,False,1.1995911540605835,285,2.875
mzehra2,4,test,mzehra2,285_G_2-6_WL_Bruise_A244A_2026-05-29_DSC_3860,0.8647238915976868,0.7616859768278066,0.7861855670103093,0.9606953892668179,4850,3969,3813.0,1037.0,156.0,False,1.2219702695893173,285,2.875
mzehra2,4,test,mzehra2,285_G_2-6_WL_Bruise_A244A_2026-05-29_DSC_3861,0.8259697644439236,0.7035336394489918,0.7429896689858739,0.9298153034300791,4743,3790,3524.0,1219.0,266.0,False,1.2514511873350924,285,2.875
mzehra2,4,test,mzehra2,285_G_2-6_WL_Bruise_A244A_2026-05-29_DSC_3862,0.8684242497873892,0.7674468541979815,0.9013871374527113,0.8377871542428504,3965,4266,3574.0,391.0,692.0,False,0.9294421003281763,285,2.875
mzehra2,4,test,mzehra2,285_G_2-6_WL_Bruise_OC_A244A_2026-05-29_DSC_3864,0.8731547293603061,0.774866569626395,0.8060228802153432,0.9524850894632206,5944,5030,4791.0,1153.0,239.0,False,1.1817097415506959,285,2.875
mzehra2,4,test,mzehra2,285_G_2-6_WL_Bruise_OC_A244A_2026-05-29_DSC_3865,0.8710035300050428,0.7714847239592639,0.8113491168733559,0.9401262791204006,5322,4593,4318.0,1004.0,275.0,False,1.1587197909862834,285,2.875
mzehra2,4,test,nmousta5,170_F_2-4_WL_Bruise_A244A_2026-03-05_DSC_1856,0.6822419150650247,0.5177292576419213,0.5468634686346864,0.9066992964209238,5420,3269,2964.0,2456.0,305.0,False,1.6579993881921076,170,2.875
mzehra2,4,test,nmousta5,170_F_2-4_WL_Bruise_OC_A244A_2026-03-05_DSC_1860,0.5635618043350908,0.3923327895595432,0.5500735173991178,0.5777282086479066,6121,5828,3367.0000000000005,2753.9999999999995,2460.9999999999995,False,1.0502745367192863,170,2.875
mzehra2,4,test,nmousta5,182_Q_2-6_WL_Bruise_A244A_2026-04-06_DSC_2484,0.28569490605711184,0.1666534778824088,0.6381818181818182,0.18404264615922397,3300,11443,2106.0,1194.0,9337.0,False,0.2883859127851088,182,2.875
mzehra2,4,test,nmousta5,182_Q_2-6_WL_Bruise_A244A_2026-04-06_DSC_2485,0.32614996849401384,0.19485017316669176,0.3331616889804325,0.31942730190076524,3884,4051,1294.0,2590.0,2757.0,False,0.9587756109602568,182,2.875
mzehra2,4,test,nmousta5,182_Q_2-6_WL_Bruise_A244A_2026-04-06_DSC_2486,0.2859716648923102,0.16684185379837554,0.304552590266876,0.2695276319851806,5733,6478,1745.9999999999998,3987.0,4732.0,False,0.8849953689410311,182,2.875
mzehra2,4,test,nmousta5,182_Q_2-6_WL_Bruise_OC_A244A_2026-04-06_DSC_2488,0.5630035116711424,0.3917918493495292,0.5474540524254293,0.5794621026894865,9957,9407,5451.000000000001,4505.999999999999,3955.999999999999,False,1.058467098968853,182,2.875
mzehra2,4,test,nmousta5,20_D_2-6_WL_Bruise_A244A_2026-04-04_DSC_0400,0.9265563287568177,0.8631625054752519,0.8887786397257803,0.967688076998625,11086,10182,9853.0,1233.0,329.0,False,1.0887841288548419,20,2.875
mzehra2,4,test,nmousta5,20_D_2-6_WL_Bruise_OC_A244A_2026-04-04_DSC_0403,0.9258084688225835,0.8618653582269533,0.9503438789546079,0.9025080553862231,21810,22966,20727.0,1083.0,2239.0,False,0.9496647217626056,20,2.875
mzehra2,4,test,nmousta5,20_D_2-6_WL_Bruise_OC_A244A_2026-04-04_DSC_0404,0.9415370006690118,0.889532275822697,0.9657340180626881,0.9185228851741126,22588,23749,21814.0,774.0,1935.0,False,0.9511137311044675,20,2.875
mzehra2,4,test,nmousta5,226_A_2-4_WL_Bruise_A244A_2026-03-06_DSC_3569,0.45780206435944143,0.2968503937007874,0.3114158268627127,0.8638863428047663,6053,2182,1885.0,4168.0,297.0,False,2.7740604949587535,226,2.875
mzehra2,4,test,nmousta5,226_A_2-4_WL_Bruise_A244A_2026-03-06_DSC_3570,0.580078431372549,0.4085285019885108,0.4102507211005103,0.9898286937901499,4507,1868,1849.0,2658.0,19.0,False,2.4127408993576016,226,2.875
mzehra2,4,test,nmousta5,226_A_2-4_WL_Bruise_A244A_2026-03-06_DSC_3571,0.2666364870982345,0.15382606424653958,0.15479632063074902,0.9608482871125612,15220,2452,2356.0,12864.0,96.0,False,6.207177814029364,226,2.875
mzehra2,4,test,nmousta5,226_A_2-4_WL_Bruise_OC_A244A_2026-03-06_DSC_3573,0.5859535703790772,0.414380714879468,0.414380714879468,1.0,4812,1994,1993.9999999999998,2818.0,2.2737367544323206e-13,False,2.4132397191574726,226,2.875
mzehra2,4,test,nmousta5,226_A_2-4_WL_Bruise_OC_A244A_2026-03-06_DSC_3574,0.5210084033613446,0.3522727272727273,0.3672385620915033,0.8963110667996012,4896,2006,1798.0000000000002,3098.0,207.99999999999977,False,2.440677966101695,226,2.875
mzehra2,4,test,nmousta5,226_C_2-4_WL_Bruise_A244A_2026-03-06_DSC_3610,0.5773294908741594,0.40580688723835245,0.40580688723835245,1.0,4443,1803,1802.9999999999998,2640.0,2.2737367544323206e-13,False,2.464226289517471,226,2.875
mzehra2,4,test,nmousta5,226_C_2-4_WL_Bruise_A244A_2026-03-06_DSC_3611,0.6325524044389642,0.4625788999098287,0.4625788999098287,1.0,4436,2052,2052.0,2384.0,0.0,False,2.1617933723196883,226,2.875
mzehra2,4,test,nmousta5,226_C_2-4_WL_Bruise_A244A_2026-03-06_DSC_3612,0.7138032925284931,0.5549721037085658,0.5588235294117647,0.9877336448598131,3026,1712,1691.0,1335.0,21.0,False,1.7675233644859814,226,2.875
mzehra2,4,test,nmousta5,226_C_2-4_WL_Bruise_OC_A244A_2026-03-06_DSC_3614,0.5868245743893412,0.4152524617640897,0.4164740491699937,0.9929859719438878,4759,1996,1982.0,2777.0,14.0,False,2.3842685370741483,226,2.875
mzehra2,4,test,nmousta5,226_C_2-4_WL_Bruise_OC_A244A_2026-03-06_DSC_3615,0.6587936046511628,0.49119479815768086,0.49333333333333335,0.9912520503007107,3675,1829,1813.0,1862.0,16.0,False,2.0092946965554948,226,2.875
mzehra2,4,test,nmousta5,228_B_2-4_WL_Bruise_A244A_2026-03-06_DSC_3718,0.7288236461019639,0.5733458177278402,0.5733458177278402,1.0,3204,1837,1837.0,1367.0,0.0,False,1.744148067501361,228,2.875
mzehra2,4,test,nmousta5,228_B_2-4_WL_Bruise_A244A_2026-03-06_DSC_3719,0.823781009409752,0.7003636363636364,0.7034331628926224,0.9938080495356038,2738,1938,1926.0,812.0,12.0,False,1.412796697626419,228,2.875
mzehra2,4,test,nmousta5,228_B_2-4_WL_Bruise_A244A_2026-03-06_DSC_3720,0.8571428571428571,0.75,0.9121621621621622,0.8083832335329342,2368,2672,2160.0,208.0,512.0,False,0.8862275449101796,228,2.875
mzehra2,4,test,nmousta5,228_B_2-4_WL_Bruise_A244A_2026-03-06_DSC_3721,0.9103836468671308,0.8355084284937466,0.924488567990373,0.8967026553837175,3324,3427,3073.0,251.0,354.0,False,0.9699445579223811,228,2.875
mzehra2,4,test,nmousta5,228_B_2-4_WL_Bruise_OC_A244A_2026-03-06_DSC_3723,0.6491609081934847,0.4805612394036831,0.4805612394036831,1.0,3421,1644,1644.0,1777.0,0.0,False,2.0809002433090025,228,2.875
mzehra2,4,test,nmousta5,228_B_2-4_WL_Bruise_OC_A244A_2026-03-06_DSC_3724,0.8420077792183738,0.7271273192578375,0.7301638291037584,0.9943132108486439,3113,2286,2273.0,840.0,13.0,False,1.3617672790901136,228,2.875
mzehra2,4,test,nmousta5,232_A_2-4_WL_Bruise_A244A_2026-03-06_DSC_3868,0.3479048111743404,0.21058399874745576,0.2732629012596505,0.4786476868327402,9844,5620,2690.0,7154.0,2930.0,False,1.7516014234875446,232,2.875
mzehra2,4,test,nmousta5,232_A_2-4_WL_Bruise_A244A_2026-03-06_DSC_3869,0.6837325818067951,0.5194480789818009,0.6391978922716628,0.7349377314035678,6832,5942,4367.0,2465.0,1575.0,False,1.149781218444968,232,2.875
mzehra2,4,test,nmousta5,232_A_2-4_WL_Bruise_A244A_2026-03-06_DSC_3870,0.0,0.0,0.0,0.0,4071,5901,0.0,4071.0,5901.0,True,0.6898830706659889,232,2.875
mzehra2,4,test,nmousta5,232_A_2-4_WL_Bruise_OC_A244A_2026-03-06_DSC_3876,0.6816037735849056,0.516994633273703,0.9918162618796198,0.5192095080154782,3788,7236,3757.0,31.0,3479.0,False,0.5234936428966279,232,2.875
mzehra2,4,test,nmousta5,232_A_2-4_WL_Bruise_OC_A244A_2026-03-06_DSC_3877,0.7698562071821125,0.6258261933904529,0.7593940294073964,0.7806106870229008,6733,6550,5113.0,1620.0,1437.0,False,1.0279389312977099,232,2.875
mzehra2,4,test,nmousta5,233_B_2-4_WL_Bruise_A244A_2026-03-06_DSC_4197,0.6360863179301773,0.4663684559310802,0.8494266747133373,0.5083980494852809,6628,11074,5630.0,998.0,5444.0,False,0.5985190536391548,233,2.875
mzehra2,4,test,nmousta5,233_B_2-4_WL_Bruise_A244A_2026-03-06_DSC_4199,0.5284135753749013,0.35907750067042105,0.6889632107023411,0.4285485677708433,3887,6249,2678.0,1209.0,3571.0,False,0.6220195231236998,233,2.875
mzehra2,4,test,nmousta5,233_B_2-4_WL_Bruise_OC_A244A_2026-03-06_DSC_4201,0.5472092185812027,0.37666071782669047,0.7026077307194377,0.44810096720924747,5407,8478,3799.0,1608.0,4679.0,False,0.6377683415899976,233,2.875
mzehra2,4,test,nmousta5,235_A_2-4_WL_Bruise_A244A_2026-03-08_DSC_4349,0.8612836438923396,0.7563636363636363,0.7851310876789891,0.9537955440362857,24373,20063,19136.0,5237.0,927.0,False,1.2148233065842595,235,2.875
mzehra2,4,test,nmousta5,235_A_2-4_WL_Bruise_A244A_2026-03-08_DSC_4350,0.7993899066423076,0.6658197453651999,0.7691092046700638,0.8321527026555466,31006,28657,23847.0,7159.0,4810.0,False,1.0819695013434762,235,2.875
mzehra2,4,test,nmousta5,235_A_2-4_WL_Bruise_A244A_2026-03-08_DSC_4351,0.8825602794847001,0.789805716837874,0.8022570035159351,0.9807279029462739,17634,14425,14147.0,3487.0,278.0,False,1.2224610051993068,235,2.875
mzehra2,4,test,nmousta5,235_A_2-4_WL_Bruise_OC_A244A_2026-03-08_DSC_4353,0.8680774633292652,0.7669053625193262,0.898084619782733,0.8400106956637996,20988,22439,18849.0,2139.0,3590.0,False,0.9353357992780427,235,2.875
mzehra2,4,test,nmousta5,235_A_2-4_WL_Bruise_OC_A244A_2026-03-08_DSC_4354,0.8361554743121031,0.7184425890716707,0.7281638808596205,0.9817565659418244,23871,17705,17382.0,6489.0,323.0,False,1.3482632024851737,235,2.875
mzehra2,4,test,nmousta5,236_C_2-4_WL_Bruise_A244A_2026-03-08_DSC_4462,0.49380828619477146,0.3278522127486805,0.3510106498587264,0.8324742268041238,4601,1940,1615.0,2986.0,325.0,False,2.3716494845360825,236,2.875
mzehra2,4,test,nmousta5,236_C_2-4_WL_Bruise_A244A_2026-03-08_DSC_4463,0.40988639852625114,0.2577717706120873,0.25897187196896215,0.9823399558498896,5155,1359,1335.0,3820.0,24.0,False,3.7932303164091246,236,2.875
mzehra2,4,test,nmousta5,236_C_2-4_WL_Bruise_A244A_2026-03-08_DSC_4464,0.1531591873185979,0.0829303675048356,0.13299728576967818,0.18052631578947367,2579,1900,343.0,2236.0,1557.0,False,1.3573684210526316,236,2.875
mzehra2,4,test,nmousta5,236_C_2-4_WL_Bruise_OC_A244A_2026-03-08_DSC_4467,0.1648428405122235,0.0898249175336209,0.13736903376018628,0.2060535506402794,2577,1718,354.0,2223.0,1364.0,False,1.5,236,2.875
mzehra2,4,test,nmousta5,236_C_2-4_WL_Bruise_OC_A244A_2026-03-08_DSC_4468,0.22288438617401668,0.12541918175720992,0.22987092808850645,0.21631000578369,1627,1729,374.0,1253.0,1355.0,False,0.9410063620589937,236,2.875
mzehra2,4,test,nmousta5,236_E_2-4_WL_Bruise_OC_A244A_2026-02-26_DSC_5722,0.3271196632591702,0.19554277498202732,0.19554277498202732,1.0,5564,1088,1088.0,4476.0,0.0,False,5.113970588235294,236,2.875
mzehra2,4,test,nmousta5,237_AC_2-5_WL_Bruise_A244A_2026-02-16_DSC_7084,0.5771855063182009,0.4056646238011149,0.8807698090512704,0.4292361238322037,13302,27295,11716.0,1586.0,15579.0,False,0.48734200403004213,237,2.875
mzehra2,4,test,nmousta5,237_AC_2-5_WL_Bruise_A244A_2026-02-16_DSC_7085,0.6279850009867772,0.45771001150747986,0.8579131841466703,0.4952529182879377,11127,19275,9546.0,1581.0,9729.0,False,0.5772762645914397,237,2.875
mzehra2,4,test,nmousta5,237_AC_2-5_WL_Bruise_A244A_2026-02-16_DSC_7086,0.7814375150940943,0.6412781656858859,0.9169464184505385,0.6808235141784281,22937,30892,21032.0,1905.0,9860.0,False,0.7424899650394924,237,2.875
mzehra2,4,test,nmousta5,237_AC_2-5_WL_Bruise_OC_A244A_2026-02-16_DSC_7088,0.8916230575640155,0.8044402796799539,0.955274983950353,0.8359237481742257,23365,26701,22320.0,1045.0,4381.0,False,0.8750608591438523,237,2.875
mzehra2,4,test,nmousta5,237_AC_2-5_WL_Bruise_OC_A244A_2026-02-16_DSC_7089,0.8827874356487354,0.7901696273540804,0.9440299996010691,0.82900683131897,25067,28545,23664.0,1403.0,4881.0,False,0.878157295498336,237,2.875
mzehra2,4,test,nmousta5,237_AD_2-5_WL_Bruise_A244A_2026-02-16_DSC_7116,0.683449285975833,0.5191211236267557,0.9015819345489675,0.5503058892901894,8281,13567,7466.0,815.0,6101.0,False,0.6103781233876318,237,2.875
mzehra2,4,test,nmousta5,237_AD_2-5_WL_Bruise_A244A_2026-02-16_DSC_7117,0.8749291945168234,0.7776658946732454,0.8533701657458563,0.8976057647605765,18100,17208,15446.0,2654.0,1762.0,False,1.0518363551836356,237,2.875
mzehra2,4,test,nmousta5,237_AD_2-5_WL_Bruise_A244A_2026-02-16_DSC_7118,0.8013823786446334,0.6685888513289587,0.8965425295529287,0.7244846656611362,11251,13923,10087.0,1164.0,3836.0,False,0.8080873374991022,237,2.875
mzehra2,4,test,nmousta5,237_AD_2-5_WL_Bruise_OC_A244A_2026-02-16_DSC_7120,0.8458760745214585,0.7329161590430834,0.9244255081371796,0.7796300659754948,14317,16976,13235.0,1082.0,3741.0,False,0.8433671065032988,237,2.875
mzehra2,4,test,nmousta5,237_AD_2-5_WL_Bruise_OC_A244A_2026-02-16_DSC_7121,0.8262449084437269,0.7039329706746702,0.8655339432613208,0.7903678741926425,13007,14244,11258.0,1749.0,2986.0,False,0.9131564167368716,237,2.875
mzehra2,4,test,nmousta5,237_AE_2-5_WL_Bruise_A244A_2026-02-16_DSC_7217,0.9124681316013111,0.8390265684304532,0.8749708963911526,0.9533231861998985,4295,3942,3758.0,537.0,184.0,False,1.0895484525621513,237,2.875
mzehra2,4,test,nmousta5,237_AE_2-5_WL_Bruise_A244A_2026-02-16_DSC_7218,0.8009846153846154,0.6680353110244303,0.9996927803379416,0.6681724845995893,3255,4870,3254.0,1.0,1616.0,False,0.6683778234086243,237,2.875
mzehra2,4,test,nmousta5,237_AE_2-5_WL_Bruise_A244A_2026-02-16_DSC_7219,0.734065934065934,0.5798611111111112,0.9979085748431431,0.5805666608725882,3347,5753,3339.9999999999995,7.000000000000455,2413.0000000000005,False,0.5817834173474709,237,2.875
mzehra2,4,test,nmousta5,237_AE_2-5_WL_Bruise_OC_A244A_2026-02-16_DSC_7221,0.6377535101404056,0.46816307833256987,0.7518391368317803,0.5537294563843237,4078,5537,3066.0,1012.0,2471.0,False,0.7364999096983926,237,2.875
mzehra2,4,test,nmousta5,237_AE_2-5_WL_Bruise_OC_A244A_2026-02-16_DSC_7222,0.38173947264856356,0.23589494163424124,0.322152108933909,0.46837276677933365,6022,4142,1940.0,4082.0,2202.0,False,1.453887011105746,237,2.875
mzehra2,4,test,nmousta5,237_B_2-4_WL_Bruise_A244A_2026-03-08_DSC_4584,0.7563958605201663,0.6082288057006199,0.6116919452216169,0.9907775480998569,20373,12578,12462.0,7911.0,116.0,False,1.6197328669104787,237,2.875
mzehra2,4,test,nmousta5,237_B_2-4_WL_Bruise_A244A_2026-03-08_DSC_4587,0.8209819195311941,0.6963268274942417,0.703921568627451,0.9847419852563004,16320,11666,11488.0,4832.0,178.0,False,1.3989370821189782,237,2.875
mzehra2,4,test,nmousta5,237_B_2-4_WL_Bruise_A244A_2026-03-08_DSC_4588,0.7060972183197527,0.5457111834961997,0.5668207962106687,0.9361147327249022,17734,10738,10052.0,7682.0,686.0,False,1.651517973551872,237,2.875
mzehra2,4,test,nmousta5,237_B_2-4_WL_Bruise_OC_A244A_2026-03-08_DSC_4591,0.7789008946206576,0.6378686964795433,0.6414901760653228,0.9912272055199606,15676,10145,10056.0,5620.0,89.0,False,1.5451946771808773,237,2.875
mzehra2,4,test,nmousta5,237_B_2-4_WL_Bruise_OC_A244A_2026-03-08_DSC_4592,0.6873541763882408,0.5236402417348027,0.5236402417348027,1.0,16878,8838,8838.0,8040.0,0.0,False,1.9097080787508487,237,2.875
mzehra2,4,test,nmousta5,237_C_2-4_WL_Bruise_A244A_2026-03-08_DSC_4608,0.7274523796453862,0.5716504184280907,0.6734424230104685,0.7908808784912867,9839,8378,6626.0,3213.0,1752.0,False,1.174385294819766,237,2.875
mzehra2,4,test,nmousta5,237_C_2-4_WL_Bruise_A244A_2026-03-08_DSC_4609,0.6980775641737971,0.5361898258791397,0.5893058161350845,0.8560915780866721,5330,3669,3141.0,2189.0,528.0,False,1.452711910602344,237,2.875
mzehra2,4,test,nmousta5,237_C_2-4_WL_Bruise_A244A_2026-03-08_DSC_4610,0.7586953276608449,0.6112079850880885,0.7859130972630277,0.733299668157553,12934,13862,10165.0,2769.0,3697.0,False,0.9330543933054394,237,2.875
mzehra2,4,test,nmousta5,237_C_2-4_WL_Bruise_OC_A244A_2026-03-08_DSC_4613,0.6241238153984187,0.453619171829149,0.5459093584461447,0.7284984945673517,10194,7639,5565.0,4629.0,2074.0,False,1.3344678622856394,237,2.875
mzehra2,4,test,nmousta5,237_C_2-4_WL_Bruise_OC_A244A_2026-03-08_DSC_4615,0.6794671566375746,0.5145401419229164,0.5356315179606026,0.9289123335845265,6904,3981,3698.0,3206.0,283.0,False,1.7342376287364984,237,2.875
mzehra2,4,test,nmousta5,237_E_2-4_WL_Bruise_A244A_2026-03-08_DSC_4651,0.6760363893882443,0.5106155365371955,0.510657559048638,0.999838865613922,12151,6206,6205.0,5946.0,1.0,False,1.9579439252336448,237,2.875
mzehra2,4,test,nmousta5,237_E_2-4_WL_Bruise_A244A_2026-03-08_DSC_4652,0.6518424396442185,0.48350612629594725,0.48722575743185487,0.9844559585492227,10529,5211,5130.0,5399.0,81.0,False,2.02053348685473,237,2.875
mzehra2,4,test,nmousta5,237_E_2-4_WL_Bruise_A244A_2026-03-08_DSC_4653,0.6294425087108014,0.45926020083894753,0.47905064969504113,0.9174707973590656,7542,3938,3613.0,3929.0,325.0,False,1.9151853732859319,237,2.875
mzehra2,4,test,nmousta5,237_E_2-4_WL_Bruise_OC_A244A_2026-03-08_DSC_4656,0.626231122783979,0.45584896642370654,0.46130592503022977,0.9747061829330608,8270,3914,3815.0,4455.0,99.0,False,2.1129279509453243,237,2.875
mzehra2,4,test,nmousta5,237_E_2-4_WL_Bruise_OC_A244A_2026-03-08_DSC_4657,0.7099303832919901,0.5503039325145763,0.5547080155058147,0.9857777777777778,7997,4500,4436.0,3561.0,64.0,False,1.777111111111111,237,2.875
mzehra2,4,test,nmousta5,237_J_2-4_WL_Bruise_A244A_2026-02-26_DSC_5578,0.8474457116075613,0.7352761775669264,0.8562746645619573,0.8387969692283903,12670,12934,10849.0,1821.0,2085.0,False,0.979588680995825,237,2.875
mzehra2,4,test,nmousta5,237_J_2-4_WL_Bruise_A244A_2026-02-26_DSC_5579,0.8349008826508465,0.7165921510183805,0.8171261329305136,0.8534661276008283,10592,10141,8655.0,1937.0,1486.0,False,1.044472931663544,237,2.875
mzehra2,4,test,nmousta5,237_J_2-4_WL_Bruise_A244A_2026-02-26_DSC_5580,0.715814744423327,0.5574076959027886,0.9208596062282847,0.5854536529493578,7771,12223,7156.0,615.0,5067.0,False,0.6357686329051787,237,2.875
mzehra2,4,test,nmousta5,237_J_2-4_WL_Bruise_OC_A244A_2026-02-26_DSC_5582,0.9028084964319993,0.8228358436026167,0.8543558960587632,0.9570872411962484,12661,11302,10817.0,1844.0,485.0,False,1.1202442045655636,237,2.875
mzehra2,4,test,nmousta5,237_J_2-4_WL_Bruise_OC_A244A_2026-02-26_DSC_5583,0.7958256353922205,0.660889036324432,0.8212077493816983,0.7719655139009978,9704,10323,7969.0,1735.0,2354.0,False,0.9400368110045529,237,2.875
mzehra2,4,test,nmousta5,237_N_2-4_WL_Bruise_A244A_2026-02-26_DSC_5858,0.48718395815170007,0.3220378054402951,1.0,0.3220378054402951,1397,4338,1397.0,0.0,2941.0,False,0.3220378054402951,237,2.875
mzehra2,4,test,nmousta5,237_N_2-4_WL_Bruise_A244A_2026-02-26_DSC_5859,0.6739093532507214,0.5081925243215566,0.9744722631320569,0.5150492994291646,2037,3854,1985.0,52.0,1869.0,False,0.52854177477945,237,2.875
mzehra2,4,test,nmousta5,237_N_2-4_WL_Bruise_A244A_2026-02-26_DSC_5860,0.8237207926648921,0.70027659039477,0.9816707789918928,0.7095541401273885,2837,3925,2785.0,52.0,1140.0,False,0.7228025477707006,237,2.875
mzehra2,4,test,nmousta5,237_N_2-4_WL_Bruise_OC_A244A_2026-02-26_DSC_5862,0.28640776699029125,0.1671388101983003,0.49772874756651525,0.20104849279161205,3082,7630,1534.0,1548.0,6096.0,False,0.4039318479685452,237,2.875
mzehra2,4,test,nmousta5,237_N_2-4_WL_Bruise_OC_A244A_2026-02-26_DSC_5863,0.7352941176470589,0.5813953488372093,0.7991098523164071,0.6809170832615067,4943,5801,3950.0000000000005,992.9999999999995,1850.9999999999995,False,0.852094466471298,237,2.875
mzehra2,4,test,nmousta5,237_S_2-4_WL_Bruise_A244A_2026-02-27_DSC_6307,0.769151633170445,0.6248955223880597,0.6878943217665615,0.8721773185567869,15216,12001,10467.0,4749.0,1534.0,False,1.2678943421381552,237,2.875
mzehra2,4,test,nmousta5,237_S_2-4_WL_Bruise_A244A_2026-02-27_DSC_6308,0.7935181850918257,0.6577125119388729,0.7173644117455563,0.8877608573040046,15359,12411,11018.0,4341.0,1393.0,False,1.2375312223027959,237,2.875
mzehra2,4,test,nmousta5,237_S_2-4_WL_Bruise_A244A_2026-02-27_DSC_6309,0.772997409458018,0.6299884086769333,0.6693938594176124,0.9145432692307692,11367,8320,7609.0,3758.0,711.0,False,1.3662259615384615,237,2.875
mzehra2,4,test,nmousta5,237_S_2-4_WL_Bruise_OC_A244A_2026-02-27_DSC_6311,0.8631702544031311,0.7592783860084005,0.8325405813514534,0.8961397805770012,13245,12305,11027.0,2218.0,1278.0,False,1.0763917106867127,237,2.875
mzehra2,4,test,nmousta5,237_S_2-4_WL_Bruise_OC_A244A_2026-02-27_DSC_6312,0.7923141186299081,0.656059767570559,0.8452762923351159,0.7455974842767296,8415,9540,7113.0,1302.0,2427.0,False,0.8820754716981132,237,2.875
mzehra2,4,test,nmousta5,237_Z_2-5_WL_Bruise_A244A_2026-02-16_DSC_7025,0.8001786112971645,0.666914774841831,0.8387059030012286,0.7650354874859918,17093,18739,14336.0,2757.0,4403.0,False,0.9121618015902663,237,2.875
mzehra2,4,test,nmousta5,237_Z_2-5_WL_Bruise_A244A_2026-02-16_DSC_7026,0.8397979074670804,0.7238376080098752,0.8031502054481814,0.8799499791579825,13142,11995,10555.0,2587.0,1440.0,False,1.095623176323468,237,2.875
mzehra2,4,test,nmousta5,237_Z_2-5_WL_Bruise_A244A_2026-02-16_DSC_7027,0.8989939637826961,0.8165204678362573,0.8810074666105795,0.9177301856822041,19018,18257,16755.0,2263.0,1502.0,False,1.0416826422741963,237,2.875
mzehra2,4,test,nmousta5,237_Z_2-5_WL_Bruise_OC_A244A_2026-02-16_DSC_7030,0.864561403508772,0.761433868974042,0.8442378739125254,0.8858875758144188,16782,15993,14168.0,2614.0,1825.0,False,1.0493340836616019,237,2.875
mzehra2,4,test,nmousta5,247_A_2-4_WL_Bruise_A244A_2026-02-27_DSC_6202,0.8093492208982584,0.6797536566589685,0.6797536566589685,1.0,6495,4415,4415.0,2080.0,0.0,False,1.4711211778029445,247,2.875
mzehra2,4,test,nmousta5,247_A_2-4_WL_Bruise_A244A_2026-02-27_DSC_6203,0.7853755927127527,0.646599547976166,0.6469983552631579,0.9990476190476191,4864,3150,3147.0,1717.0,3.0,False,1.5441269841269842,247,2.875
mzehra2,4,test,nmousta5,247_A_2-4_WL_Bruise_A244A_2026-02-27_DSC_6204,0.8016299314687905,0.6689335394126739,0.6689335394126739,1.0,6470,4328,4328.0,2142.0,0.0,False,1.494916820702403,247,2.875
mzehra2,4,test,nmousta5,247_A_2-4_WL_Bruise_OC_A244A_2026-02-27_DSC_6206,0.8103563580777682,0.6811757147446194,0.6823813354786806,0.9974129821260583,6215,4252,4241.0,1974.0,11.0,False,1.461665098777046,247,2.875
mzehra2,4,test,nmousta5,247_A_2-4_WL_Bruise_OC_A244A_2026-02-27_DSC_6207,0.8706744470077351,0.7709685171833693,0.7946494921971761,0.9627851140456183,4037,3332,3208.0,829.0,124.0,False,1.2115846338535414,247,2.875
mzehra2,4,test,nmousta5,250_A_2-4_WL_Bruise_A244A_2026-02-27_DSC_6537,0.9074670024718996,0.8306083244397012,0.8322426108901151,0.9976413885043327,23379,19503,19457.0,3922.0,46.0,False,1.1987386555914474,250,2.875
mzehra2,4,test,nmousta5,250_A_2-4_WL_Bruise_A244A_2026-02-27_DSC_6538,0.9033883116568577,0.8237996377931888,0.8367356094934721,0.9815789473684211,22289,19000,18650.0,3639.0,350.0,False,1.1731052631578947,250,2.875
mzehra2,4,test,nmousta5,250_A_2-4_WL_Bruise_OC_A244A_2026-02-27_DSC_6541,0.895362960845956,0.8105494647650464,0.8230329699198738,0.9816308945636848,30452,25532,25063.0,5389.0,469.0,False,1.1926993576688079,250,2.875
mzehra2,4,test,nmousta5,250_A_2-4_WL_Bruise_OC_A244A_2026-02-27_DSC_6542,0.906379638972979,0.8287881894607341,0.83398671233442,0.992535114428838,24233,20362,20210.0,4023.0,152.0,False,1.1901090266182104,250,2.875
mzehra2,4,test,nmousta5,250_A_2-4_WL_Bruise_OC_A244A_2026-02-27_DSC_6543,0.9260596920146055,0.8623008980376214,0.8720008969280215,0.9872641110264873,26758,23634,23333.0,3425.0,301.0,False,1.1321824490141321,250,2.875
mzehra2,4,test,nmousta5,254_A_2-5_WL_Bruise_A244A_2026-02-16_DSC_6925,0.5482657751776013,0.3776626367299942,0.3776626367299942,1.0,1737,656,656.0,1081.0,0.0,False,2.6478658536585367,254,2.875
mzehra2,4,test,nmousta5,254_A_2-5_WL_Bruise_A244A_2026-02-16_DSC_6926,0.5522058823529412,0.3814118842051803,0.3814118842051803,1.0,1969,751,751.0,1218.0,0.0,False,2.621837549933422,254,2.875
mzehra2,4,test,nmousta5,254_A_2-5_WL_Bruise_A244A_2026-02-16_DSC_6927,0.46015246015246014,0.2988298829882988,0.2988298829882988,1.0,1111,332,332.0,779.0,0.0,False,3.3463855421686746,254,2.875
mzehra2,4,test,nmousta5,254_A_2-5_WL_Bruise_OC_A244A_2026-02-16_DSC_6930,0.3858632676709154,0.2390524048815506,0.2390524048815506,1.0,1393,333,333.0,1060.0,0.0,False,4.183183183183183,254,2.875
mzehra2,4,test,nmousta5,254_A_2-5_WL_Bruise_OC_A244A_2026-02-16_DSC_6931,0.18189581554227155,0.10004697040864255,0.11122715404699739,0.49882903981264637,1915,427,212.99999999999997,1702.0,214.00000000000003,False,4.484777517564403,254,2.875
mzehra2,4,test,nmousta5,254_B_2-5_WL_Bruise_A244A_2026-02-16_DSC_6954,0.1949647230785087,0.10801158601787735,0.9302575107296137,0.10889337785081063,11184,95543,10404.0,780.0,85139.0,False,0.11705724124216321,254,2.875
mzehra2,4,test,nmousta5,254_B_2-5_WL_Bruise_A244A_2026-02-16_DSC_6955,0.190297049052179,0.10515374854890527,0.9291507633587787,0.10600370128456346,12576,110232,11685.0,891.0,98547.0,False,0.11408665360330938,254,2.875
mzehra2,4,test,nmousta5,254_B_2-5_WL_Bruise_A244A_2026-02-16_DSC_6956,0.23999702882044172,0.13636171799164357,0.9443686671862821,0.13746596324029953,10264,70512,9693.0,571.0,60819.0,False,0.14556387565237122,254,2.875
mzehra2,4,test,nmousta5,254_B_2-5_WL_Bruise_OC_A244A_2026-02-16_DSC_6960,0.2036397516786,0.11336242375040873,0.9474180173388617,0.11408017610148528,10612,88131,10054.0,558.0,78077.0,False,0.12041165991535328,254,2.875
mzehra2,4,test,nmousta5,254_B_2-5_WL_Bruise_OC_A244A_2026-02-16_DSC_6961,0.2335304675317033,0.1322018088845212,0.8740226847263517,0.13476983682271237,9081,58893,7937.000000000001,1143.999999999999,50956.0,False,0.1541948958280271,254,2.875
mzehra2,4,test,nmousta5,260_A_2-5_WL_Bruise_A244A_2026-02-17_DSC_7634,0.5909090909090909,0.41935483870967744,0.41935483870967744,1.0,2790,1170,1170.0,1620.0,0.0,False,2.3846153846153846,260,2.875
mzehra2,4,test,nmousta5,260_A_2-5_WL_Bruise_A244A_2026-02-17_DSC_7635,0.6260121457489879,0.45561694290976057,0.4569634281492427,0.993574297188755,2707,1245,1237.0,1470.0,8.0,False,2.17429718875502,260,2.875
mzehra2,4,test,nmousta5,260_A_2-5_WL_Bruise_A244A_2026-02-17_DSC_7636,0.49082823790994995,0.3252302025782689,0.32886405959031656,0.9671412924424972,2685,913,883.0,1802.0,30.0,False,2.940854326396495,260,2.875
mzehra2,4,test,nmousta5,260_A_2-5_WL_Bruise_OC_A244A_2026-02-17_DSC_7638,0.38385573207385143,0.23751328374070138,0.23751328374070138,1.0,3764,894,894.0,2870.0,0.0,False,4.210290827740492,260,2.875
mzehra2,4,test,nmousta5,260_A_2-5_WL_Bruise_OC_A244A_2026-02-17_DSC_7639,0.5326906957250629,0.3630391316766638,0.3636623748211731,0.995301487862177,3495,1277,1271.0,2224.0,6.0,False,2.736883320281911,260,2.875
mzehra2,4,test,nmousta5,285_F_2-6_WL_Bruise_A244A_2026-04-06_DSC_2339,0.7434792469947834,0.591696750902527,0.7853378054623862,0.7058570198105082,2087,2322,1639.0,448.0,683.0,False,0.8987941429801894,285,2.875
mzehra2,4,test,nmousta5,285_F_2-6_WL_Bruise_A244A_2026-04-06_DSC_2340,0.380243288590604,0.23475333419655575,0.33673848439821696,0.43665703275529866,5384,4152,1813.0,3571.0,2339.0,False,1.2967244701348748,285,2.875
mzehra2,4,test,nmousta5,285_F_2-6_WL_Bruise_OC_A244A_2026-04-06_DSC_2343,0.3421866941722537,0.2064084616581117,0.20858220685319082,0.9519368723098995,6362,1394,1327.0,5035.0,67.0,False,4.563845050215208,285,2.875
mzehra2,4,test,nmousta5,285_F_2-6_WL_Bruise_OC_A244A_2026-04-06_DSC_2344,0.4634593356242841,0.30162516773520204,0.3134004647560031,0.8892307692307693,6455,2275,2023.0,4432.0,252.0,False,2.8373626373626375,285,2.875
mzehra2,4,test,nmousta5,285_G_2-6_WL_Bruise_A244A_2026-05-29_DSC_3860,0.818261942534814,0.6924224343675418,0.9571134020618557,0.7145935960591133,4850,6496,4642.0,208.0,1854.0,False,0.7466133004926109,285,2.875
mzehra2,4,test,nmousta5,285_G_2-6_WL_Bruise_A244A_2026-05-29_DSC_3861,0.8251280443190133,0.7023131672597864,0.8321737297069366,0.818200663349917,4743,4824,3947.0,796.0,877.0,False,0.9832089552238806,285,2.875
mzehra2,4,test,nmousta5,285_G_2-6_WL_Bruise_A244A_2026-05-29_DSC_3862,0.8571763602251408,0.7500513030987072,0.9218158890290038,0.8010081087004164,3965,4563,3655.0,310.0,908.0,False,0.8689458689458689,285,2.875
mzehra2,4,test,nmousta5,285_G_2-6_WL_Bruise_OC_A244A_2026-05-29_DSC_3864,0.8580246913580247,0.7513513513513513,0.8184724091520862,0.9015937731653076,5944,5396,4865.0,1079.0,531.0,False,1.101556708673091,285,2.875
mzehra2,4,test,nmousta5,285_G_2-6_WL_Bruise_OC_A244A_2026-05-29_DSC_3865,0.7843946540880503,0.6452708164915117,0.7499060503570086,0.8222084878450763,5322,4854,3991.0,1331.0,863.0,False,1.096415327564895,285,2.875
