model,bin,median_gt_px,n,median_dice,mean_dice,mean_recall,mean_precision,zero_dice_n,zero_dice_rate,empty_pred_n
segformer_b5_teacher,D1,4071.0,19,0.7664185639229422,0.7781364443367854,0.8281475065060505,0.7636457555331474,0,0.0,0
segformer_b5_teacher,D2,5445.5,18,0.8766900762678648,0.8363345195228721,0.8089018319826748,0.8803473139465615,0,0.0,0
segformer_b5_teacher,D3,6686.0,19,0.8404532430320396,0.7737312714483422,0.7286495945309117,0.8491354083151442,0,0.0,0
segformer_b5_teacher,D4,8665.5,18,0.8562620319949434,0.8238494120735262,0.7773813392619272,0.89668131522594,0,0.0,0
segformer_b5_teacher,D5,10622.0,19,0.8611268914940866,0.7944756985250915,0.7432400993060501,0.8911532698588637,0,0.0,0
segformer_b5_teacher,D6,11957.5,18,0.8607422911694804,0.8095394429828462,0.7557402886828516,0.8937739581454723,0,0.0,0
segformer_b5_teacher,D7,13841.0,18,0.7641957568026609,0.7344154829515431,0.6555047829065794,0.8625617685398546,0,0.0,0
segformer_b5_teacher,D8,15506.0,19,0.8717574470908247,0.8257350896096315,0.7542234489060479,0.928561560437888,0,0.0,0
segformer_b5_teacher,D9,19152.0,18,0.7215337907531627,0.7383573658034215,0.6140454904919498,0.9710632001343598,0,0.0,0
segformer_b5_teacher,D10,31415.0,19,0.6347256347256347,0.6164131820274641,0.49903994711917987,0.9016619331892495,0,0.0,0
segformer_b2_teacher,D1,4071.0,19,0.8226030569708198,0.7227743398335867,0.8222978403775619,0.7156106406092464,0,0.0,0
segformer_b2_teacher,D2,5445.5,18,0.8242194888636682,0.7883230188216276,0.7291714377685732,0.8744784560706955,0,0.0,0
segformer_b2_teacher,D3,6686.0,19,0.8016517736257786,0.7405921131021328,0.694800175700894,0.8192031131252859,0,0.0,0
segformer_b2_teacher,D4,8665.5,18,0.8198754056471812,0.751532906433959,0.6892812803594787,0.8373371801895257,0,0.0,0
segformer_b2_teacher,D5,10622.0,19,0.8075670114876836,0.7882130764357193,0.7415154828307727,0.8709874475349467,0,0.0,0
segformer_b2_teacher,D6,11957.5,18,0.8573124466977806,0.8206617283419191,0.7486791545738151,0.9248304591115528,0,0.0,0
segformer_b2_teacher,D7,13841.0,18,0.8137433751806985,0.7533464682199721,0.719185765520438,0.8415170400709813,0,0.0,0
segformer_b2_teacher,D8,15506.0,19,0.8718383600029497,0.8364035646814225,0.7970305711162093,0.9027384218110466,0,0.0,0
segformer_b2_teacher,D9,19152.0,18,0.8424518231057578,0.8113138231132603,0.7483504175478113,0.905435096556815,0,0.0,0
segformer_b2_teacher,D10,31415.0,19,0.7239557763682423,0.683395065385027,0.5907214446132286,0.9045411101312979,0,0.0,0
segformer_b0_distilled,D1,4071.0,19,0.829388329036794,0.7186475420244666,0.7831719675795877,0.7135380038739069,0,0.0,0
segformer_b0_distilled,D2,5445.5,18,0.8519656303883777,0.7963464850168828,0.7840925286189031,0.8370267465210046,0,0.0,0
segformer_b0_distilled,D3,6686.0,19,0.8049217350673623,0.7297338231598209,0.6715889878385878,0.8249074804711568,0,0.0,0
segformer_b0_distilled,D4,8665.5,18,0.814582093815891,0.8071754711408504,0.7351871533097357,0.9081354245016158,0,0.0,0
segformer_b0_distilled,D5,10622.0,19,0.8221387427998998,0.7721270495413615,0.7198788532673704,0.8793645914226166,0,0.0,0
segformer_b0_distilled,D6,11957.5,18,0.8414094639653865,0.805338934197412,0.7436596870211993,0.9222426108539583,0,0.0,0
segformer_b0_distilled,D7,13841.0,18,0.8027068770513945,0.7690950270510383,0.7096957476922365,0.8786750893831349,0,0.0,0
segformer_b0_distilled,D8,15506.0,19,0.8434190393327533,0.7725560948706374,0.7059638209796156,0.8880795702615759,0,0.0,0
segformer_b0_distilled,D9,19152.0,18,0.8169154131848416,0.8035316110794899,0.7769780149489723,0.8615530534387406,0,0.0,0
segformer_b0_distilled,D10,31415.0,19,0.7627411299456007,0.7130013503203343,0.6080409266643985,0.9160948825771996,0,0.0,0
segformer_b0_direct,D1,4071.0,19,0.8274080014256437,0.6971094580647401,0.7781378351225472,0.7239958717870071,1,0.05263157894736842,1
segformer_b0_direct,D2,5445.5,18,0.8546367816023197,0.7934559245713723,0.7861856545740104,0.8351782618386395,0,0.0,0
segformer_b0_direct,D3,6686.0,19,0.7567969589290141,0.7393022874879887,0.700173763361321,0.7979936098711905,0,0.0,0
segformer_b0_direct,D4,8665.5,18,0.807428321265062,0.7981807940147168,0.7378340449649375,0.8869010253950833,0,0.0,0
segformer_b0_direct,D5,10622.0,19,0.8172509790968716,0.7925256601132995,0.7453887392497274,0.8787305626191523,0,0.0,0
segformer_b0_direct,D6,11957.5,18,0.8245790960681914,0.8009444648128716,0.7498947509924009,0.9122362752680906,0,0.0,0
segformer_b0_direct,D7,13841.0,18,0.809993243031073,0.7600825661401887,0.6996327850606066,0.8745835079933231,0,0.0,0
segformer_b0_direct,D8,15506.0,19,0.8419343696027634,0.7857813748468839,0.7317943137880744,0.8859679210358214,0,0.0,0
segformer_b0_direct,D9,19152.0,18,0.8219693250982145,0.8101424010193378,0.7563227374737761,0.898202162398315,0,0.0,0
segformer_b0_direct,D10,31415.0,19,0.6852963375624483,0.6925590380424997,0.5895886517329787,0.9106423778809977,0,0.0,0
segformer_b0_rgkd,D1,4071.0,19,0.8143867924528302,0.6624999634791596,0.6730771126282079,0.7383962358780707,2,0.10526315789473684,1
segformer_b0_rgkd,D2,5445.5,18,0.8309852130724055,0.7735387440548875,0.7600824820985581,0.817187522853367,0,0.0,0
segformer_b0_rgkd,D3,6686.0,19,0.7572315035799523,0.7248669637145939,0.6735731178706139,0.7997193749801577,0,0.0,0
segformer_b0_rgkd,D4,8665.5,18,0.8298246103178207,0.8254647074366492,0.7739011664673199,0.8994122377793686,0,0.0,0
segformer_b0_rgkd,D5,10622.0,19,0.7828839522921259,0.7531622381570496,0.7082439781708062,0.8651797583943699,0,0.0,0
segformer_b0_rgkd,D6,11957.5,18,0.8421636591289512,0.8039321073733353,0.7440104605422942,0.9158213135161934,0,0.0,0
segformer_b0_rgkd,D7,13841.0,18,0.8074661756779199,0.7642840963990205,0.699595753030841,0.8748050403156296,0,0.0,0
segformer_b0_rgkd,D8,15506.0,19,0.830036250647333,0.8069419199155401,0.7725481062796634,0.8785227629422774,0,0.0,0
segformer_b0_rgkd,D9,19152.0,18,0.8422161459914583,0.8128374379854856,0.7926464098338724,0.8576891266766336,0,0.0,0
segformer_b0_rgkd,D10,31415.0,19,0.7903202642539136,0.7361412426698412,0.6601939348578817,0.8728936243232476,0,0.0,0
unet_r50,D1,4071.0,19,0.8037739115381286,0.6437767616579194,0.6612455735829312,0.8736670334479212,3,0.15789473684210525,3
unet_r50,D2,5445.5,18,0.8772543898696978,0.8243622478150469,0.8124000895046936,0.8905639224758656,0,0.0,0
unet_r50,D3,6686.0,19,0.8517376681614349,0.6790291391184877,0.6716998136077404,0.8441507594398723,2,0.10526315789473684,2
unet_r50,D4,8665.5,18,0.7995363007661189,0.7390883902908548,0.7354348341876467,0.8469669949177784,1,0.05555555555555555,1
unet_r50,D5,10622.0,19,0.7880454712137881,0.7554087391580355,0.7300382352011386,0.8629781104936577,1,0.05263157894736842,1
unet_r50,D6,11957.5,18,0.8507788367147142,0.792166144833432,0.7512084127275366,0.8990901963538085,0,0.0,0
unet_r50,D7,13841.0,18,0.7846874484724188,0.7760306204446579,0.7359568504969053,0.8515425283557688,0,0.0,0
unet_r50,D8,15506.0,19,0.868421052631579,0.8013547054474986,0.79833983634518,0.8290850330516708,0,0.0,0
unet_r50,D9,19152.0,18,0.8356121240997088,0.8092413335400809,0.798062714613722,0.8339287696982991,0,0.0,0
unet_r50,D10,31415.0,19,0.7654557512342495,0.7578762067889899,0.7099377418238451,0.8574667825306981,0,0.0,0
deeplabv3plus_r50,D1,4071.0,19,0.7982905982905983,0.6923365797552394,0.7023106160547826,0.8202350142284943,3,0.15789473684210525,2
deeplabv3plus_r50,D2,5445.5,18,0.8446750706629977,0.8149317774443623,0.75988297599965,0.9292422772369962,0,0.0,0
deeplabv3plus_r50,D3,6686.0,19,0.8059419055729019,0.6757651164862872,0.6193570606150544,0.8864681743250785,1,0.05263157894736842,1
deeplabv3plus_r50,D4,8665.5,18,0.8356302267393132,0.7455371179153203,0.6792913278214092,0.9074076938567003,1,0.05555555555555555,1
deeplabv3plus_r50,D5,10622.0,19,0.7812343703110933,0.7367201653422105,0.6688460441767891,0.9065096433119141,0,0.0,0
deeplabv3plus_r50,D6,11957.5,18,0.8298145330668611,0.8249345201806972,0.7569872601304962,0.9351120924800926,0,0.0,0
deeplabv3plus_r50,D7,13841.0,18,0.7737005345622233,0.7712928601807655,0.7135360505723854,0.8738856335869157,0,0.0,0
deeplabv3plus_r50,D8,15506.0,19,0.8798278400724884,0.8089238988750052,0.7764385431343311,0.8871313795667377,0,0.0,0
deeplabv3plus_r50,D9,19152.0,18,0.8280443841296582,0.7972810331955116,0.7734861330505417,0.861038986418023,0,0.0,0
deeplabv3plus_r50,D10,31415.0,19,0.6675275003677612,0.7245767015559763,0.6505833683818077,0.8602620389879783,0,0.0,0
yolo_sem_direct,D1,4071.0,19,0.6806380982170785,0.4946588308981946,0.4720019492852875,0.9049962088373683,6,0.3157894736842105,6
yolo_sem_direct,D2,5445.5,18,0.7347404210594591,0.677503311659277,0.6491909190654157,0.8680283105279964,2,0.1111111111111111,2
yolo_sem_direct,D3,6686.0,19,0.7866908252347224,0.6363080329079501,0.627654891745498,0.8339253283527246,2,0.10526315789473684,2
yolo_sem_direct,D4,8665.5,18,0.8659885511034031,0.7826312693048145,0.7492651641997305,0.8604184908673306,0,0.0,0
yolo_sem_direct,D5,10622.0,19,0.8296303986710963,0.7289152805163797,0.6830500639791959,0.9161411962333247,0,0.0,0
yolo_sem_direct,D6,11957.5,18,0.8414924014776768,0.8012658003561425,0.7390324775153547,0.9270844902738572,0,0.0,0
yolo_sem_direct,D7,13841.0,18,0.795892284583757,0.7195296171249692,0.6678076762304878,0.8655401402294854,0,0.0,0
yolo_sem_direct,D8,15506.0,19,0.867904993909866,0.8103844926793563,0.8223128498380887,0.8713648249103322,1,0.05263157894736842,1
yolo_sem_direct,D9,19152.0,18,0.8708347509245764,0.7910461177766459,0.7932603223398189,0.8638450026083658,0,0.0,0
yolo_sem_direct,D10,31415.0,19,0.6762523443233399,0.5927740915548959,0.5069661210515836,0.8710090291660898,1,0.05263157894736842,1
yolo_sem_distilled,D1,4071.0,19,0.7843463780183181,0.6324490893208423,0.6370705003270306,0.7488404633879407,3,0.15789473684210525,2
yolo_sem_distilled,D2,5445.5,18,0.8427905834218739,0.8095887202501187,0.8174149481836926,0.82348894507417,0,0.0,0
yolo_sem_distilled,D3,6686.0,19,0.7768433698753566,0.7114470174196658,0.7231716234006521,0.7275303876728497,0,0.0,0
yolo_sem_distilled,D4,8665.5,18,0.8115508243119487,0.7413017629719827,0.6914053986038586,0.8824846642501157,1,0.05555555555555555,1
yolo_sem_distilled,D5,10622.0,19,0.8067147416952358,0.7621347792146103,0.7135480670631162,0.8963241329874829,0,0.0,0
yolo_sem_distilled,D6,11957.5,18,0.778025957084969,0.7774657045092273,0.686119940413204,0.9500962518014876,0,0.0,0
yolo_sem_distilled,D7,13841.0,18,0.7625348054901308,0.7308384863969972,0.6568296900721075,0.8965871246377309,0,0.0,0
yolo_sem_distilled,D8,15506.0,19,0.8876459621234423,0.7981391383179645,0.7594648739140086,0.9209335853437866,1,0.05263157894736842,1
yolo_sem_distilled,D9,19152.0,18,0.8417656561860936,0.731645496382043,0.6414863639503064,0.9097162378671155,0,0.0,0
yolo_sem_distilled,D10,31415.0,19,0.5594429062840842,0.5741397947445144,0.4560227624339494,0.8981723543587279,0,0.0,0
lraspp_mobilenetv3,D1,4071.0,19,0.8064379500211775,0.7079679723347321,0.7492217319192914,0.7276958397157821,0,0.0,0
lraspp_mobilenetv3,D2,5445.5,18,0.7499367418732962,0.6782982101749151,0.6305522923021847,0.8219294129015879,0,0.0,0
lraspp_mobilenetv3,D3,6686.0,19,0.5547445255474452,0.5191142899953324,0.4679452976824159,0.8049173901127822,1,0.05263157894736842,1
lraspp_mobilenetv3,D4,8665.5,18,0.7231763175237853,0.6642375675345554,0.6162562167591713,0.8617139096564378,1,0.05555555555555555,1
lraspp_mobilenetv3,D5,10622.0,19,0.7377989717606735,0.6978484133599986,0.6391723416097572,0.8301811270035242,0,0.0,0
lraspp_mobilenetv3,D6,11957.5,18,0.7982064122842808,0.7742483666222942,0.7291146630994969,0.8835922726770027,0,0.0,0
lraspp_mobilenetv3,D7,13841.0,18,0.7048589927965845,0.6843336499428931,0.648152500693797,0.8151613602482326,0,0.0,0
lraspp_mobilenetv3,D8,15506.0,19,0.8565638524421241,0.7769934088773323,0.7441310143458896,0.8380009425052158,0,0.0,0
lraspp_mobilenetv3,D9,19152.0,18,0.7779280414126064,0.7513577257178297,0.6724393105200155,0.8695501458597553,0,0.0,0
lraspp_mobilenetv3,D10,31415.0,19,0.777468542981459,0.730363988410663,0.6525675466977872,0.8740665943352747,0,0.0,0
lraspp_mobilenetv3_b2kd,D1,4071.0,19,0.7477854330708661,0.7143166354846379,0.8442117525178299,0.7040464330236188,0,0.0,0
lraspp_mobilenetv3_b2kd,D2,5445.5,18,0.7441329888074866,0.6754476426669994,0.6681981660108305,0.8041737263621591,0,0.0,0
lraspp_mobilenetv3_b2kd,D3,6686.0,19,0.533262211384592,0.5618569323218037,0.5134020551772845,0.8090783700261116,0,0.0,0
lraspp_mobilenetv3_b2kd,D4,8665.5,18,0.7542256534846851,0.7042512762972684,0.6546736103453876,0.8637774904177824,1,0.05555555555555555,1
lraspp_mobilenetv3_b2kd,D5,10622.0,19,0.7969071764385903,0.7325180299186058,0.6657183201652593,0.8820349283598361,0,0.0,0
lraspp_mobilenetv3_b2kd,D6,11957.5,18,0.8203597361180315,0.7779515791267807,0.7764722106437139,0.8493180317276721,0,0.0,0
lraspp_mobilenetv3_b2kd,D7,13841.0,18,0.7527423774557649,0.7232009421024126,0.6813496152638987,0.8400542769188463,0,0.0,0
lraspp_mobilenetv3_b2kd,D8,15506.0,19,0.8620842572062084,0.8005299646736075,0.7972991934430995,0.8479919327488215,0,0.0,0
lraspp_mobilenetv3_b2kd,D9,19152.0,18,0.8131832490898726,0.7780425197485994,0.716842349946422,0.8644679968288812,0,0.0,0
lraspp_mobilenetv3_b2kd,D10,31415.0,19,0.7642916375985573,0.7476441868040359,0.7209248491928225,0.839661631244797,0,0.0,0
lraspp_mobilenetv3_distilled,D1,4071.0,19,0.8006185367739441,0.6924219392802203,0.6699460149498876,0.7720562882416395,1,0.05263157894736842,0
lraspp_mobilenetv3_distilled,D2,5445.5,18,0.7916986022926202,0.7099919882232288,0.6878534359669392,0.7863224555713143,0,0.0,0
lraspp_mobilenetv3_distilled,D3,6686.0,19,0.5869935754556181,0.5646193160000965,0.5234589395173326,0.7986810324070145,0,0.0,0
lraspp_mobilenetv3_distilled,D4,8665.5,18,0.7071872805747157,0.6753224192075442,0.6472834348477589,0.8601413950432905,2,0.1111111111111111,2
lraspp_mobilenetv3_distilled,D5,10622.0,19,0.7613927916921197,0.7170446594784735,0.6621469924677321,0.865789426257891,0,0.0,0
lraspp_mobilenetv3_distilled,D6,11957.5,18,0.8464736302610576,0.7944678367796536,0.7594198823023911,0.8854869771844371,0,0.0,0
lraspp_mobilenetv3_distilled,D7,13841.0,18,0.7230796579294027,0.7158422912443194,0.68818245122668,0.8278008439946899,0,0.0,0
lraspp_mobilenetv3_distilled,D8,15506.0,19,0.8288888110172759,0.8106305068752111,0.8011301234182197,0.8521197272037576,0,0.0,0
lraspp_mobilenetv3_distilled,D9,19152.0,18,0.8089377240396469,0.7680755222200708,0.6940466125862904,0.8833463179036504,0,0.0,0
lraspp_mobilenetv3_distilled,D10,31415.0,19,0.7799851619816998,0.7547217530532913,0.7025655432412631,0.8684005046800711,0,0.0,0
topformer_tiny,D1,4071.0,19,0.701264334019406,0.5917447343978548,0.7395054033478082,0.5445753807825182,1,0.05263157894736842,0
topformer_tiny,D2,5445.5,18,0.766324173880813,0.7040740090089825,0.8011098486925354,0.6704196872411484,0,0.0,0
topformer_tiny,D3,6686.0,19,0.6955421340235836,0.6448338447347212,0.684999692419808,0.6776435154307779,0,0.0,0
topformer_tiny,D4,8665.5,18,0.7226266958428549,0.6887258303630798,0.6814831527048679,0.7788995105384289,0,0.0,0
topformer_tiny,D5,10622.0,19,0.7559334041799504,0.6982401982417047,0.7053752218284393,0.7330603784197747,0,0.0,0
topformer_tiny,D6,11957.5,18,0.7822197797206356,0.7297101168361856,0.7201904576069386,0.7720546027874647,0,0.0,0
topformer_tiny,D7,13841.0,18,0.6915283062296822,0.697226406714272,0.692739693172226,0.761355668327722,0,0.0,0
topformer_tiny,D8,15506.0,19,0.7777146428774362,0.7451045824390945,0.73715417663628,0.7875651570290023,0,0.0,0
topformer_tiny,D9,19152.0,18,0.7578398659982766,0.735728566567903,0.7081489688619506,0.8273105103535183,0,0.0,0
topformer_tiny,D10,31415.0,19,0.6919399744348527,0.6881629778600483,0.5967806387155958,0.8735532040398164,0,0.0,0
topformer_tiny_b2kd,D1,4071.0,19,0.6773396580689791,0.617027860724685,0.7686669966113499,0.5441933235064255,1,0.05263157894736842,0
topformer_tiny_b2kd,D2,5445.5,18,0.7750265322871496,0.7111317547009258,0.7866234230780436,0.6745515913408653,0,0.0,0
topformer_tiny_b2kd,D3,6686.0,19,0.7021490511499309,0.6571531651861504,0.6805926568745058,0.6819507332536024,0,0.0,0
topformer_tiny_b2kd,D4,8665.5,18,0.7061718611649974,0.6895936145369119,0.6889309038524576,0.7698431191403512,0,0.0,0
topformer_tiny_b2kd,D5,10622.0,19,0.7536449299142094,0.708079354872118,0.6954614750626673,0.76763402411364,0,0.0,0
topformer_tiny_b2kd,D6,11957.5,18,0.7784063542347979,0.7272762673100962,0.6946399023640619,0.7985536402217126,0,0.0,0
topformer_tiny_b2kd,D7,13841.0,18,0.7348954245731558,0.6974160566088957,0.6714817986441511,0.8015333003178459,0,0.0,0
topformer_tiny_b2kd,D8,15506.0,19,0.7881105219090148,0.7477169837658276,0.7329129901215788,0.8084413343611119,0,0.0,0
topformer_tiny_b2kd,D9,19152.0,18,0.7620773722601057,0.7367648191160465,0.6982240031084491,0.8317108040622148,0,0.0,0
topformer_tiny_b2kd,D10,31415.0,19,0.7097715119105493,0.6832513226175724,0.6083159118513395,0.8533382786357344,0,0.0,0
ppmobileseg_tiny,D1,4071.0,19,0.7279475982532752,0.6162356977587188,0.6948004288083289,0.6801669152169763,0,0.0,0
ppmobileseg_tiny,D2,5445.5,18,0.7222020359672678,0.6950164777456213,0.7299176476714836,0.6996206504810251,1,0.05555555555555555,0
ppmobileseg_tiny,D3,6686.0,19,0.6548596851471595,0.5994622941659058,0.6480903392549466,0.6488968424418121,1,0.05263157894736842,1
ppmobileseg_tiny,D4,8665.5,18,0.6056095435499811,0.574685681822647,0.5741880000733297,0.7900284178834328,2,0.1111111111111111,2
ppmobileseg_tiny,D5,10622.0,19,0.6364756904816252,0.6513786623772484,0.6438333775953672,0.7810913724173859,0,0.0,0
ppmobileseg_tiny,D6,11957.5,18,0.7441313615866563,0.6966909526185717,0.679620132065087,0.7989154992882956,0,0.0,0
ppmobileseg_tiny,D7,13841.0,18,0.6635680851614569,0.625467830268556,0.6373746014515348,0.7276588853923492,0,0.0,0
ppmobileseg_tiny,D8,15506.0,19,0.8221656976744186,0.7617008901590906,0.7627218251119239,0.778353457739868,0,0.0,0
ppmobileseg_tiny,D9,19152.0,18,0.7186408678475351,0.7082744819598256,0.6549449030866424,0.8077384096737819,0,0.0,0
ppmobileseg_tiny,D10,31415.0,19,0.6388423457730389,0.6401150476498766,0.5569401813189174,0.8935736990301487,0,0.0,0
ppmobileseg_tiny_b2kd,D1,4071.0,19,0.7075586711368486,0.6827744001225823,0.7214109375304089,0.7719287963274335,0,0.0,0
ppmobileseg_tiny_b2kd,D2,5445.5,18,0.7428564618561743,0.676014793669917,0.645484962430102,0.7529498387569871,1,0.05555555555555555,0
ppmobileseg_tiny_b2kd,D3,6686.0,19,0.6759992632160619,0.5825663867613845,0.536181164930946,0.7381808159801386,1,0.05263157894736842,1
ppmobileseg_tiny_b2kd,D4,8665.5,18,0.6043135656604387,0.5726421875219783,0.5309200621217233,0.8620108444386523,2,0.1111111111111111,2
ppmobileseg_tiny_b2kd,D5,10622.0,19,0.7322936635407492,0.7004357667578468,0.6469412445261729,0.813112436733291,0,0.0,0
ppmobileseg_tiny_b2kd,D6,11957.5,18,0.7673923030195146,0.7488878267613392,0.7010567316364387,0.8538551495258749,0,0.0,0
ppmobileseg_tiny_b2kd,D7,13841.0,18,0.6685593863246593,0.6624460028193745,0.5873378741414927,0.8363073501506716,0,0.0,0
ppmobileseg_tiny_b2kd,D8,15506.0,19,0.8134307852942793,0.7437892404946357,0.7023945536309644,0.8369339804001488,0,0.0,0
ppmobileseg_tiny_b2kd,D9,19152.0,18,0.7682597909945492,0.7135868896211559,0.642089105524611,0.8456326929677755,0,0.0,0
ppmobileseg_tiny_b2kd,D10,31415.0,19,0.665732208282447,0.6752099559745277,0.6017505883730679,0.8647804856737685,0,0.0,0
fastscnn,D1,4071.0,19,0.3438081681813205,0.3505148297190961,0.34051431638702995,0.8000400912984875,7,0.3684210526315789,7
fastscnn,D2,5445.5,18,0.6634597595595906,0.6254993901384126,0.628595598151689,0.7365245058945648,0,0.0,0
fastscnn,D3,6686.0,19,0.5054115636570777,0.4713766238044152,0.4747472076457764,0.5470407509927254,3,0.15789473684210525,0
fastscnn,D4,8665.5,18,0.7229474883218496,0.5776871288294955,0.5596853773941916,0.7524055128258873,2,0.1111111111111111,1
fastscnn,D5,10622.0,19,0.7581306589792521,0.6985984818873153,0.6405877112162182,0.8156171379991474,0,0.0,0
fastscnn,D6,11957.5,18,0.765196202109472,0.6804534444806212,0.6469474052233156,0.7858785508112818,0,0.0,0
fastscnn,D7,13841.0,18,0.654487030743683,0.6188060162184361,0.5802347015116103,0.7803054369949135,0,0.0,0
fastscnn,D8,15506.0,19,0.8721577570594943,0.7430503055893668,0.7203466779242703,0.7886002016022043,1,0.05263157894736842,0
fastscnn,D9,19152.0,18,0.7259421838145196,0.6864661351872132,0.6375726725144559,0.7824609550471547,0,0.0,0
fastscnn,D10,31415.0,19,0.615900829527449,0.6095288970201489,0.5338664752288086,0.8143343355613564,0,0.0,0
fastscnn_b2kd,D1,4071.0,19,0.6635119580509017,0.5394446644898594,0.5774517152798938,0.5543799429225235,1,0.05263157894736842,0
fastscnn_b2kd,D2,5445.5,18,0.7331176460998858,0.7109413037138905,0.7707167610848222,0.7120142679720761,0,0.0,0
fastscnn_b2kd,D3,6686.0,19,0.6566921827882162,0.5345108989392148,0.554770764636106,0.5834480447097924,2,0.10526315789473684,0
fastscnn_b2kd,D4,8665.5,18,0.7656126310280156,0.6357720880242986,0.6391918248971833,0.776743880608941,2,0.1111111111111111,2
fastscnn_b2kd,D5,10622.0,19,0.6590345697931221,0.6530175593415893,0.6484509868017795,0.7572425786805755,0,0.0,0
fastscnn_b2kd,D6,11957.5,18,0.7493091780690984,0.7560583586715611,0.7405997770985597,0.8165289485373071,0,0.0,0
fastscnn_b2kd,D7,13841.0,18,0.7089976315286524,0.675531643669337,0.6349046279407466,0.7922522452981613,0,0.0,0
fastscnn_b2kd,D8,15506.0,19,0.8446763503032012,0.7379073682218295,0.7345021976115118,0.7529964020280293,0,0.0,0
fastscnn_b2kd,D9,19152.0,18,0.6906619282722859,0.6475617778364756,0.586978053860239,0.7824578246846303,1,0.05555555555555555,0
fastscnn_b2kd,D10,31415.0,19,0.6464694032388876,0.6225548985683375,0.5374798721558784,0.860188057462007,0,0.0,0
